user_id,username,balance,account_opened,city,mobile,account_number,aadhar
1,user1,72936.46,2024-09-30,Sandraport,xxxxxxx376,xxxxxxx105,251076352410
2,user2,9228.98,2024-03-03,Tommyberg,xxxxxxx873,xxxxxxx467,782929486074
3,user3,32317.01,2020-10-18,North Steven,xxxxxxx232,xxxxxxx585,705268388850
4,user4,51630.18,2022-12-14,West Wesleyville,xxxxxxx211,xxxxxxx548,359617532625
5,user5,50332.79,2022-12-20,Michelleland,xxxxxxx765,xxxxxxx205,561723708031
6,user6,40068.73,2024-11-29,North Samuelbury,xxxxxxx615,xxxxxxx388,180540413707
7,user7,35590.88,2023-06-26,Tiffanymouth,xxxxxxx853,xxxxxxx692,265649987756
8,user8,62603.69,2023-08-02,West Benjaminton,xxxxxxx569,xxxxxxx384,956239818872
9,user9,2077.27,2024-11-28,Lake Ashley,xxxxxxx505,xxxxxxx721,846071497124
10,user10,26286.06,2023-12-31,Port Barbara,xxxxxxx568,xxxxxxx288,167374431924
11,user11,31012.24,2023-07-21,South Colleenstad,xxxxxxx515,xxxxxxx728,748961108354
12,user12,33245.81,2022-03-11,North Mckenzie,xxxxxxx918,xxxxxxx940,534312632953
13,user13,98041.57,2022-02-08,South Darrell,xxxxxxx741,xxxxxxx600,903031864469
14,user14,61149.3,2024-11-17,Port Carlstad,xxxxxxx764,xxxxxxx687,638814497772
15,user15,24181.92,2023-03-25,Bartonfurt,xxxxxxx899,xxxxxxx656,940501717690
16,user16,76301.59,2020-08-29,South Margaret,xxxxxxx442,xxxxxxx302,347128067062
17,user17,14158.9,2020-06-29,Lake Vincent,xxxxxxx745,xxxxxxx541,542838814152
18,user18,86636.51,2024-03-01,North Justintown,xxxxxxx113,xxxxxxx108,588936021164
19,user19,88414.06,2024-09-11,Larryshire,xxxxxxx721,xxxxxxx224,565114873535
20,user20,60244.86,2021-01-07,Gonzalezborough,xxxxxxx710,xxxxxxx354,163741254451
21,user21,53389.7,2025-02-02,South Deborahside,xxxxxxx732,xxxxxxx433,550943340793
22,user22,11000.96,2022-02-16,West Nancyport,xxxxxxx955,xxxxxxx553,565792494361
23,user23,91333.8,2024-01-30,South Elizabeth,xxxxxxx306,xxxxxxx700,318442311587
24,user24,38347.41,2022-04-01,Thomasville,xxxxxxx952,xxxxxxx146,244714343766
25,user25,25076.63,2021-09-22,East Krystal,xxxxxxx669,xxxxxxx372,283674447174
26,user26,18722.35,2021-11-24,Brownton,xxxxxxx147,xxxxxxx215,687962515042
27,user27,86866.65,2020-08-10,Kennedyborough,xxxxxxx834,xxxxxxx171,110248332140
28,user28,71691.43,2024-04-30,Mejiamouth,xxxxxxx987,xxxxxxx939,327930637525
29,user29,83201.67,2025-02-02,West Reginaborough,xxxxxxx806,xxxxxxx852,778067335042
30,user30,29385.34,2021-06-25,Emilytown,xxxxxxx889,xxxxxxx669,713904039681
31,user31,78609.98,2023-03-20,New Jessicastad,xxxxxxx489,xxxxxxx463,618045535412
32,user32,32964.98,2021-04-17,Garciachester,xxxxxxx530,xxxxxxx134,931558415253
33,user33,83436.12,2020-06-26,Marystad,xxxxxxx623,xxxxxxx683,867951460658
34,user34,26009.03,2022-05-28,East Briana,xxxxxxx847,xxxxxxx444,540644427700
35,user35,29499.97,2020-11-16,South Christopherstad,xxxxxxx375,xxxxxxx265,398116658665
36,user36,44899.77,2023-07-21,South Donaldborough,xxxxxxx477,xxxxxxx412,524312479222
37,user37,66356.33,2021-05-04,Rojasland,xxxxxxx251,xxxxxxx472,701511477038
38,user38,84419.29,2025-05-11,New Joseport,xxxxxxx494,xxxxxxx392,316731211662
39,user39,49731.32,2024-04-10,Lake Melanieport,xxxxxxx301,xxxxxxx417,539214798583
40,user40,58533.4,2023-11-24,Morganstad,xxxxxxx506,xxxxxxx892,817613332385
41,user41,83223.95,2021-09-06,Danielmouth,xxxxxxx794,xxxxxxx535,199550287248
42,user42,19499.08,2020-11-09,North Stephaniefort,xxxxxxx714,xxxxxxx739,120650426761
43,user43,41880.35,2025-04-30,Lake Robert,xxxxxxx384,xxxxxxx390,215628898650
44,user44,88043.67,2021-07-12,East Brianview,xxxxxxx507,xxxxxxx883,455479846694
45,user45,77407.46,2020-07-16,Alanhaven,xxxxxxx784,xxxxxxx468,195987783296
46,user46,26963.94,2022-03-08,Michaelshire,xxxxxxx316,xxxxxxx923,134383397098
47,user47,99048.29,2024-10-14,North Melissaville,xxxxxxx587,xxxxxxx445,877169026223
48,user48,38916.87,2022-02-11,East Cherylberg,xxxxxxx387,xxxxxxx637,336716802058
49,user49,70821.52,2022-05-07,East Kevin,xxxxxxx461,xxxxxxx126,190442636181
50,user50,50037.93,2024-02-22,New Hollyville,xxxxxxx817,xxxxxxx798,985078199597
51,user51,94573.39,2024-08-20,Deborahborough,xxxxxxx479,xxxxxxx269,524951526625
52,user52,94746.1,2025-03-08,New Jonport,xxxxxxx983,xxxxxxx570,746808576300
53,user53,22384.19,2022-11-13,Leonardstad,xxxxxxx346,xxxxxxx852,497893057718
54,user54,39635.16,2024-12-24,Joneston,xxxxxxx289,xxxxxxx537,410296868202
55,user55,66405.98,2024-12-25,East Michael,xxxxxxx862,xxxxxxx771,224214537670
56,user56,55123.64,2025-01-06,Willisview,xxxxxxx853,xxxxxxx924,845144584646
57,user57,62463.56,2022-07-26,Thomastown,xxxxxxx995,xxxxxxx342,405717941881
58,user58,19356.32,2023-02-15,West Tammy,xxxxxxx621,xxxxxxx192,388951023478
59,user59,5127.79,2020-09-28,Rhodesmouth,xxxxxxx261,xxxxxxx462,132888782514
60,user60,22228.12,2025-02-13,Malonefort,xxxxxxx187,xxxxxxx269,664914722958
61,user61,16518.06,2023-09-16,West Danielshire,xxxxxxx545,xxxxxxx274,800876712074
62,user62,40448.73,2022-03-10,South Helenmouth,xxxxxxx891,xxxxxxx365,143477245687
63,user63,3520.07,2021-06-16,Port Samantha,xxxxxxx639,xxxxxxx899,704995092424
64,user64,13262.93,2025-04-26,Christybury,xxxxxxx881,xxxxxxx826,748815875376
65,user65,51359.35,2024-06-28,Acostaland,xxxxxxx721,xxxxxxx174,123038803994
66,user66,95972.19,2025-03-17,Michaeltown,xxxxxxx750,xxxxxxx530,749470439004
67,user67,76831.43,2022-11-12,Mathewsmouth,xxxxxxx746,xxxxxxx975,280904227962
68,user68,68695.55,2023-05-25,Laneside,xxxxxxx664,xxxxxxx399,729769458526
69,user69,1811.66,2024-09-27,Wrightstad,xxxxxxx384,xxxxxxx741,258745269641
70,user70,75084.32,2023-12-22,Rothbury,xxxxxxx108,xxxxxxx639,139411272022
71,user71,53774.17,2023-03-16,New Cynthia,xxxxxxx475,xxxxxxx811,120678384146
72,user72,83110.3,2022-01-30,South Brett,xxxxxxx122,xxxxxxx123,353392038526
73,user73,97998.96,2023-06-22,Kelleybury,xxxxxxx310,xxxxxxx770,291691983445
74,user74,94614.27,2020-06-16,Robbinshaven,xxxxxxx327,xxxxxxx156,992038789262
75,user75,80143.64,2022-09-20,Port Amandaview,xxxxxxx954,xxxxxxx355,568457894541
76,user76,10873.38,2022-11-09,North Anthonychester,xxxxxxx228,xxxxxxx651,349689339454
77,user77,34940.03,2020-09-01,North Tinamouth,xxxxxxx595,xxxxxxx286,291489800051
78,user78,40903.15,2020-12-18,East Aaronfort,xxxxxxx301,xxxxxxx174,129774100100
79,user79,51367.7,2023-10-18,Robertmouth,xxxxxxx642,xxxxxxx566,231822330486
80,user80,80251.66,2024-03-04,North Ebony,xxxxxxx636,xxxxxxx888,321725674858
81,user81,3408.15,2023-07-15,Andreamouth,xxxxxxx519,xxxxxxx694,153867753516
82,user82,2948.9,2023-06-18,Brendaburgh,xxxxxxx559,xxxxxxx679,908244506873
83,user83,86593.41,2020-10-09,Sharishire,xxxxxxx940,xxxxxxx670,711266261734
84,user84,74276.0,2021-07-05,Evansmouth,xxxxxxx309,xxxxxxx496,305402845621
85,user85,7111.02,2021-09-05,Lucerostad,xxxxxxx624,xxxxxxx799,393883951257
86,user86,39453.59,2021-04-12,North Ann,xxxxxxx425,xxxxxxx845,291026814572
87,user87,12722.6,2024-01-11,Zacharyhaven,xxxxxxx578,xxxxxxx845,342788273750
88,user88,70460.27,2022-05-16,Rebeccaberg,xxxxxxx557,xxxxxxx851,369731301300
89,user89,65629.29,2021-09-18,Craigborough,xxxxxxx615,xxxxxxx211,947594520284
90,user90,93344.71,2023-07-22,South Jessicaton,xxxxxxx183,xxxxxxx421,952226955224
91,user91,69821.46,2021-05-27,South Michael,xxxxxxx839,xxxxxxx486,450939467694
92,user92,68188.43,2020-09-21,Marioberg,xxxxxxx755,xxxxxxx817,772781900808
93,user93,53912.68,2021-07-04,Kaneland,xxxxxxx410,xxxxxxx571,435092431121
94,user94,90168.29,2025-03-07,Carterhaven,xxxxxxx668,xxxxxxx561,110533459042
95,user95,34308.71,2022-06-15,New Brett,xxxxxxx438,xxxxxxx191,203949830043
96,user96,73406.51,2020-12-03,Kimberlyfort,xxxxxxx108,xxxxxxx100,784738310638
97,user97,89250.47,2021-01-04,Sanchezburgh,xxxxxxx741,xxxxxxx373,204860548167
98,user98,79834.29,2023-11-14,Port Emilyfurt,xxxxxxx464,xxxxxxx828,496518471155
99,user99,73446.61,2023-10-23,Stephanieborough,xxxxxxx722,xxxxxxx292,986304517672
100,user100,65477.85,2021-01-09,Johnchester,xxxxxxx425,xxxxxxx418,141442316021
101,user101,58735.77,2020-12-22,Silvaland,xxxxxxx947,xxxxxxx900,178401398433
102,user102,94656.34,2021-10-07,North John,xxxxxxx244,xxxxxxx167,618495295790
103,user103,37047.15,2022-06-27,Normanburgh,xxxxxxx631,xxxxxxx380,675088997790
104,user104,62853.7,2020-09-24,Lake Glenda,xxxxxxx153,xxxxxxx872,392358924508
105,user105,62874.21,2025-04-07,Port Brandonstad,xxxxxxx331,xxxxxxx433,815618633224
106,user106,53325.85,2021-04-19,West Tylerberg,xxxxxxx399,xxxxxxx302,109496159295
107,user107,62279.14,2020-07-08,East Jessicaborough,xxxxxxx351,xxxxxxx984,527657175164
108,user108,51579.17,2024-08-29,Deniseborough,xxxxxxx684,xxxxxxx811,143984021047
109,user109,32075.87,2022-01-11,South Christina,xxxxxxx579,xxxxxxx279,471768088622
110,user110,82990.11,2021-06-27,East Gary,xxxxxxx522,xxxxxxx876,399451168780
111,user111,22234.92,2022-03-11,Thompsonchester,xxxxxxx542,xxxxxxx440,418909098076
112,user112,96532.26,2024-08-28,Nunezfurt,xxxxxxx670,xxxxxxx169,897419348016
113,user113,48659.06,2023-07-11,Heidimouth,xxxxxxx271,xxxxxxx484,280379558532
114,user114,67633.28,2023-06-06,South Deanland,xxxxxxx195,xxxxxxx776,186667541530
115,user115,92179.57,2022-08-03,Port Sydney,xxxxxxx967,xxxxxxx512,885448379403
116,user116,89214.01,2025-01-26,East Daniel,xxxxxxx704,xxxxxxx244,703097338609
117,user117,73556.89,2022-08-21,Kellyview,xxxxxxx842,xxxxxxx287,412179645893
118,user118,91443.5,2022-01-03,Robertborough,xxxxxxx705,xxxxxxx642,627031412980
119,user119,75004.25,2024-03-29,South Michaelshire,xxxxxxx769,xxxxxxx629,105738685661
120,user120,74169.67,2020-07-04,Smithshire,xxxxxxx487,xxxxxxx659,176764290440
121,user121,74268.18,2020-08-20,Elizabethport,xxxxxxx830,xxxxxxx289,926561426384
122,user122,61296.34,2022-02-06,Tiffanymouth,xxxxxxx442,xxxxxxx214,565102294188
123,user123,48197.14,2024-05-26,South Lisa,xxxxxxx541,xxxxxxx631,855624253694
124,user124,4495.27,2023-12-11,Lake Lindseymouth,xxxxxxx288,xxxxxxx467,897989403439
125,user125,30706.91,2024-05-31,Gloriamouth,xxxxxxx208,xxxxxxx934,270694260340
126,user126,81012.06,2020-12-06,Matthewstad,xxxxxxx804,xxxxxxx768,967593914461
127,user127,79438.88,2023-07-24,Lake Christinechester,xxxxxxx840,xxxxxxx945,342831457753
128,user128,27691.9,2024-04-17,Jacksonberg,xxxxxxx365,xxxxxxx603,836864963441
129,user129,76706.99,2024-03-01,Anthonyport,xxxxxxx487,xxxxxxx396,114814786450
130,user130,20833.07,2020-09-11,Jamestown,xxxxxxx994,xxxxxxx270,841285820277
131,user131,31256.96,2023-11-27,Ibarramouth,xxxxxxx360,xxxxxxx232,118124637122
132,user132,95367.32,2021-06-09,Khanmouth,xxxxxxx656,xxxxxxx519,288397556878
133,user133,45103.9,2023-05-02,Franklinmouth,xxxxxxx554,xxxxxxx980,859429764271
134,user134,74977.35,2025-04-20,New Amy,xxxxxxx707,xxxxxxx308,922064828507
135,user135,83843.43,2024-12-31,Courtneybury,xxxxxxx583,xxxxxxx130,833216359102
136,user136,67116.35,2021-11-18,Lake Kimberlyville,xxxxxxx294,xxxxxxx563,361116187985
137,user137,23948.27,2023-09-17,Robinsonchester,xxxxxxx794,xxxxxxx318,354757175883
138,user138,40964.36,2021-11-15,Lake Matthew,xxxxxxx621,xxxxxxx171,451841247539
139,user139,84368.8,2024-03-15,Anthonyton,xxxxxxx571,xxxxxxx918,870011852270
140,user140,10417.66,2023-05-17,South Ritaborough,xxxxxxx677,xxxxxxx880,264338505046
141,user141,82298.74,2024-04-23,Robertborough,xxxxxxx964,xxxxxxx237,268330161658
142,user142,91631.21,2020-07-30,Morrisfurt,xxxxxxx260,xxxxxxx482,809459918340
143,user143,93360.67,2024-02-26,West Matthew,xxxxxxx977,xxxxxxx320,494100865408
144,user144,35164.71,2023-02-02,Port Josephton,xxxxxxx932,xxxxxxx701,884945990819
145,user145,41812.77,2024-10-01,Joneshaven,xxxxxxx244,xxxxxxx545,242827078378
146,user146,39827.4,2024-09-05,Lake Scott,xxxxxxx498,xxxxxxx551,941860243490
147,user147,34843.53,2020-10-16,Benjaminton,xxxxxxx815,xxxxxxx211,582819653061
148,user148,44925.71,2025-02-06,Stanleyberg,xxxxxxx304,xxxxxxx372,185284736264
149,user149,88574.64,2020-09-24,Andersonland,xxxxxxx399,xxxxxxx294,811424313341
150,user150,81514.02,2023-01-03,Christopherberg,xxxxxxx751,xxxxxxx802,599868687920
151,user151,80511.36,2020-11-28,East Amanda,xxxxxxx608,xxxxxxx607,874309267984
152,user152,43012.43,2020-07-01,North Nathan,xxxxxxx515,xxxxxxx598,422647211031
153,user153,35327.6,2021-05-15,Bakerport,xxxxxxx698,xxxxxxx534,303634612308
154,user154,69294.88,2024-04-26,Dyershire,xxxxxxx571,xxxxxxx658,731193010456
155,user155,20663.64,2020-10-12,Livingstonton,xxxxxxx325,xxxxxxx505,874716308218
156,user156,47155.27,2022-12-17,Riveraside,xxxxxxx693,xxxxxxx988,664610726814
157,user157,58224.47,2021-04-04,Wilsonchester,xxxxxxx281,xxxxxxx422,324163036773
158,user158,39401.12,2022-04-12,Hernandezchester,xxxxxxx135,xxxxxxx474,977843412306
159,user159,18523.33,2022-11-25,Andrewstad,xxxxxxx732,xxxxxxx777,622228080626
160,user160,96274.73,2021-07-21,South Jonathan,xxxxxxx613,xxxxxxx442,486815769545
161,user161,23158.67,2024-05-17,Loveview,xxxxxxx295,xxxxxxx450,209026658416
162,user162,79172.72,2024-02-22,Annaberg,xxxxxxx329,xxxxxxx977,187084633157
163,user163,33795.04,2023-06-13,Marcusport,xxxxxxx252,xxxxxxx375,553353159430
164,user164,50715.86,2023-03-20,Brownburgh,xxxxxxx126,xxxxxxx133,474316700861
165,user165,40520.11,2022-10-26,Lake Daniel,xxxxxxx320,xxxxxxx401,465081796909
166,user166,54094.34,2023-01-19,Jonesport,xxxxxxx714,xxxxxxx769,545970403720
167,user167,13997.11,2022-01-06,East Joy,xxxxxxx291,xxxxxxx673,323490065771
168,user168,90100.29,2020-07-10,North Lisabury,xxxxxxx863,xxxxxxx849,499833063560
169,user169,70848.56,2023-02-22,Lucasmouth,xxxxxxx303,xxxxxxx471,106720147775
170,user170,83391.13,2024-10-19,South Elizabethshire,xxxxxxx981,xxxxxxx945,469502584021
171,user171,38827.55,2021-10-31,Youngchester,xxxxxxx787,xxxxxxx939,854229448524
172,user172,96750.16,2022-11-22,New Michaelburgh,xxxxxxx103,xxxxxxx446,779824321972
173,user173,42346.55,2024-03-02,South Jonathon,xxxxxxx114,xxxxxxx190,822251683062
174,user174,96511.29,2022-12-16,South Joshua,xxxxxxx967,xxxxxxx579,180070089681
175,user175,57862.01,2025-04-08,Port Amberstad,xxxxxxx231,xxxxxxx243,990251354693
176,user176,32910.52,2020-07-17,New Joshua,xxxxxxx737,xxxxxxx722,598648419336
177,user177,64921.03,2025-02-12,Bellbury,xxxxxxx310,xxxxxxx806,219307423733
178,user178,87194.08,2022-05-20,Lake Josephville,xxxxxxx820,xxxxxxx336,353210462139
179,user179,72888.08,2021-05-12,Karenshire,xxxxxxx946,xxxxxxx785,598151959244
180,user180,83061.87,2024-11-01,Port Denise,xxxxxxx361,xxxxxxx983,517395722469
181,user181,67136.84,2022-06-21,West Ricardoside,xxxxxxx124,xxxxxxx549,343930884549
182,user182,57683.65,2024-06-05,New Nancy,xxxxxxx855,xxxxxxx899,378712629461
183,user183,82596.22,2021-08-22,New Thomasfort,xxxxxxx814,xxxxxxx723,637559374937
184,user184,92984.52,2023-03-07,East Brittney,xxxxxxx140,xxxxxxx281,144576631297
185,user185,87896.69,2023-02-21,Thomastown,xxxxxxx402,xxxxxxx475,831891855422
186,user186,47237.08,2023-03-31,Lamside,xxxxxxx605,xxxxxxx470,670440311594
187,user187,36316.94,2020-06-25,Moorebury,xxxxxxx340,xxxxxxx403,369684406060
188,user188,91301.48,2022-05-24,Martinberg,xxxxxxx554,xxxxxxx263,194285038565
189,user189,90461.88,2021-02-21,Ashleymouth,xxxxxxx345,xxxxxxx736,680328036307
190,user190,40419.07,2022-01-02,Floresborough,xxxxxxx641,xxxxxxx669,176985614422
191,user191,81926.7,2025-03-08,New Gregorymouth,xxxxxxx364,xxxxxxx532,797503775188
192,user192,27373.07,2025-05-21,West Jenniferchester,xxxxxxx395,xxxxxxx278,798035498662
193,user193,45123.67,2020-12-29,East Emily,xxxxxxx389,xxxxxxx640,872176391822
194,user194,96890.2,2023-02-05,East Amanda,xxxxxxx902,xxxxxxx528,481405575910
195,user195,70247.62,2021-08-17,Travischester,xxxxxxx803,xxxxxxx228,652891941675
196,user196,87818.45,2020-12-01,Lake Josefort,xxxxxxx720,xxxxxxx180,232215534190
197,user197,64490.67,2022-01-14,Adrianland,xxxxxxx981,xxxxxxx234,145120127142
198,user198,12072.05,2020-10-19,Williammouth,xxxxxxx194,xxxxxxx678,167214647403
199,user199,21381.82,2022-11-20,South Christy,xxxxxxx782,xxxxxxx867,360826615470
200,user200,45220.34,2025-05-28,West Cynthiafurt,xxxxxxx563,xxxxxxx768,288567523712
201,user201,16554.08,2022-08-03,Port Jorgehaven,xxxxxxx497,xxxxxxx191,576441459913
202,user202,45967.12,2021-06-29,North Georgeberg,xxxxxxx337,xxxxxxx817,580820544397
203,user203,7686.53,2022-02-28,New Davidtown,xxxxxxx640,xxxxxxx468,360497203724
204,user204,51871.47,2023-11-17,South Lindsay,xxxxxxx851,xxxxxxx261,935344634344
205,user205,7148.8,2023-05-22,Victoriafort,xxxxxxx291,xxxxxxx119,602114126420
206,user206,99190.27,2024-06-19,North Ronald,xxxxxxx823,xxxxxxx419,654879396870
207,user207,73722.18,2023-01-18,Karenview,xxxxxxx109,xxxxxxx712,765152137169
208,user208,22311.99,2022-09-10,Cynthiaside,xxxxxxx460,xxxxxxx729,308982400310
209,user209,99896.75,2022-09-29,Morrisburgh,xxxxxxx530,xxxxxxx932,768298350825
210,user210,69229.76,2021-09-12,South Corytown,xxxxxxx828,xxxxxxx331,714441134059
211,user211,19840.88,2023-03-27,Millerview,xxxxxxx943,xxxxxxx704,791452984749
212,user212,19822.8,2023-07-16,East Angelicatown,xxxxxxx668,xxxxxxx887,751188086811
213,user213,70403.23,2021-10-22,West Barbara,xxxxxxx979,xxxxxxx361,676780331412
214,user214,68187.02,2023-07-03,Lake Staceyburgh,xxxxxxx866,xxxxxxx834,785300904028
215,user215,95274.34,2020-10-15,West Larryport,xxxxxxx503,xxxxxxx526,334198599726
216,user216,54985.67,2021-10-25,West Christine,xxxxxxx504,xxxxxxx807,184095232616
217,user217,30930.46,2022-09-26,Lake Tamaraborough,xxxxxxx379,xxxxxxx499,757052736612
218,user218,11051.97,2025-03-18,Laurafort,xxxxxxx149,xxxxxxx497,623958187229
219,user219,4154.73,2023-03-21,North Wendybury,xxxxxxx649,xxxxxxx703,301679113855
220,user220,13693.7,2024-04-26,Michaelshire,xxxxxxx341,xxxxxxx742,935458931674
221,user221,34315.88,2024-06-15,Lynchburgh,xxxxxxx951,xxxxxxx235,442335941901
222,user222,37258.26,2025-01-30,Lake Joycechester,xxxxxxx831,xxxxxxx848,194981768388
223,user223,36466.81,2020-09-27,Phamburgh,xxxxxxx196,xxxxxxx301,546864363195
224,user224,83913.86,2020-08-18,South Jeffreyshire,xxxxxxx902,xxxxxxx497,517147815116
225,user225,65808.35,2020-07-12,North Andrew,xxxxxxx663,xxxxxxx699,672856715289
226,user226,71264.84,2024-05-26,East Clayton,xxxxxxx447,xxxxxxx980,787063602752
227,user227,95580.35,2022-06-05,Lake Alexander,xxxxxxx328,xxxxxxx444,638114855071
228,user228,56165.97,2024-09-24,Franklinport,xxxxxxx239,xxxxxxx579,996360474036
229,user229,39541.3,2021-09-08,North Jill,xxxxxxx189,xxxxxxx631,521415660935
230,user230,8207.38,2024-01-14,Jermainechester,xxxxxxx976,xxxxxxx656,388280175241
231,user231,54904.41,2022-07-11,Wattshaven,xxxxxxx611,xxxxxxx326,350870512923
232,user232,27565.81,2023-04-19,Annmouth,xxxxxxx645,xxxxxxx807,544213096185
233,user233,75928.13,2025-03-22,Port Ivanchester,xxxxxxx912,xxxxxxx754,343715274078
234,user234,42133.27,2022-12-15,East Coryhaven,xxxxxxx701,xxxxxxx698,656447283971
235,user235,50326.6,2021-03-12,Lauraburgh,xxxxxxx319,xxxxxxx152,398556741179
236,user236,71350.67,2022-11-27,Candacebury,xxxxxxx151,xxxxxxx170,786295673567
237,user237,78349.06,2022-10-05,Salinasview,xxxxxxx953,xxxxxxx747,450229506127
238,user238,19250.59,2021-02-14,Martinside,xxxxxxx630,xxxxxxx924,906382545982
239,user239,18406.2,2022-04-25,Whitneyside,xxxxxxx682,xxxxxxx384,746969960236
240,user240,29722.17,2023-06-16,South Jillianmouth,xxxxxxx855,xxxxxxx372,917408805519
241,user241,72437.33,2023-11-19,Williamsfort,xxxxxxx560,xxxxxxx975,102334399324
242,user242,51851.6,2024-07-24,Welchfurt,xxxxxxx418,xxxxxxx162,472947708183
243,user243,32879.18,2024-06-10,New Lauren,xxxxxxx438,xxxxxxx301,933436241907
244,user244,9169.7,2022-04-20,East Melanie,xxxxxxx965,xxxxxxx861,746229568308
245,user245,24129.14,2023-11-10,Virginiaburgh,xxxxxxx285,xxxxxxx543,141916323283
246,user246,98906.69,2020-11-25,Barbaraville,xxxxxxx587,xxxxxxx262,940103044804
247,user247,77180.76,2021-02-20,West Amychester,xxxxxxx807,xxxxxxx460,212418703038
248,user248,40808.29,2020-11-21,Morseport,xxxxxxx292,xxxxxxx145,347327332709
249,user249,99369.56,2023-11-17,South Travis,xxxxxxx860,xxxxxxx136,551651554865
250,user250,69460.94,2024-01-08,Lake Kimberlybury,xxxxxxx804,xxxxxxx359,992096467877
251,user251,32844.6,2021-12-25,Morenoton,xxxxxxx969,xxxxxxx953,284199704740
252,user252,17380.55,2021-11-07,Martinezchester,xxxxxxx321,xxxxxxx878,569642885640
253,user253,12245.17,2021-12-26,Lake Brian,xxxxxxx833,xxxxxxx303,557955291790
254,user254,34873.56,2025-05-12,Michaelville,xxxxxxx553,xxxxxxx640,104441641902
255,user255,91165.21,2025-06-07,Lake Ashley,xxxxxxx173,xxxxxxx941,510509837375
256,user256,91197.77,2023-05-10,Jefferyborough,xxxxxxx921,xxxxxxx257,918319110598
257,user257,51992.78,2021-11-24,New Bryanstad,xxxxxxx223,xxxxxxx874,936991354857
258,user258,93443.28,2023-06-02,Mackenzieside,xxxxxxx252,xxxxxxx935,511522197799
259,user259,8346.69,2025-01-26,South Philip,xxxxxxx771,xxxxxxx196,399942607242
260,user260,85678.68,2025-05-19,Baldwinchester,xxxxxxx230,xxxxxxx951,895726102786
261,user261,12299.18,2024-02-27,Jessicaborough,xxxxxxx486,xxxxxxx690,594362008542
262,user262,56728.25,2020-11-21,Danielmouth,xxxxxxx195,xxxxxxx644,426604731601
263,user263,9751.68,2023-01-03,Hamptonmouth,xxxxxxx182,xxxxxxx473,173228766262
264,user264,2879.84,2022-11-10,South Angelaton,xxxxxxx153,xxxxxxx927,910870258049
265,user265,38450.44,2023-06-07,Samanthaside,xxxxxxx975,xxxxxxx756,303410262115
266,user266,61303.87,2022-04-07,Thomasview,xxxxxxx423,xxxxxxx368,140844510271
267,user267,47012.23,2022-01-11,New Peterstad,xxxxxxx571,xxxxxxx325,307958572279
268,user268,28439.91,2021-01-20,Port Shane,xxxxxxx492,xxxxxxx549,312365765591
269,user269,12973.24,2022-05-22,Lake Brett,xxxxxxx665,xxxxxxx731,684797677420
270,user270,26582.08,2020-09-26,Wrightton,xxxxxxx959,xxxxxxx327,340556016929
271,user271,32330.3,2024-02-23,West Rebecca,xxxxxxx184,xxxxxxx869,338961954410
272,user272,7165.74,2023-12-31,Reginaldside,xxxxxxx450,xxxxxxx990,462815079867
273,user273,56260.71,2024-12-15,West Carlos,xxxxxxx878,xxxxxxx211,529678133901
274,user274,16746.47,2023-06-13,West Joseph,xxxxxxx150,xxxxxxx646,798800200398
275,user275,15944.97,2021-04-06,Port Jeremy,xxxxxxx165,xxxxxxx544,724410212095
276,user276,72572.51,2022-06-09,Aprilfort,xxxxxxx832,xxxxxxx293,773070389550
277,user277,15402.43,2025-04-21,Steventown,xxxxxxx971,xxxxxxx886,403415767105
278,user278,46290.04,2020-07-31,Michaelside,xxxxxxx905,xxxxxxx847,700543241119
279,user279,9733.9,2024-05-13,Morenoside,xxxxxxx680,xxxxxxx378,483400260317
280,user280,24496.95,2020-07-19,Meghantown,xxxxxxx691,xxxxxxx539,245337372250
281,user281,40675.02,2022-12-10,West Michael,xxxxxxx728,xxxxxxx287,251220455229
282,user282,95601.45,2020-10-16,West Travis,xxxxxxx554,xxxxxxx930,579954496254
283,user283,99201.8,2022-10-25,Spearsfort,xxxxxxx181,xxxxxxx235,831814279335
284,user284,25237.66,2020-06-27,Hernandezstad,xxxxxxx481,xxxxxxx877,295114612930
285,user285,28791.96,2020-07-29,Port Andrewton,xxxxxxx126,xxxxxxx459,989176146871
286,user286,20200.23,2021-05-19,Port Jamesburgh,xxxxxxx502,xxxxxxx213,602993808498
287,user287,64064.45,2022-03-23,North Jennifer,xxxxxxx524,xxxxxxx786,674927960995
288,user288,16604.61,2025-01-01,New Emilymouth,xxxxxxx733,xxxxxxx218,640793483113
289,user289,42759.35,2021-12-09,Sierraton,xxxxxxx787,xxxxxxx761,688246630380
290,user290,89195.83,2020-12-06,East Lisaview,xxxxxxx179,xxxxxxx984,752691971124
291,user291,28158.48,2023-02-02,Steventon,xxxxxxx786,xxxxxxx506,251319742154
292,user292,40109.02,2023-08-10,Port Heatherbury,xxxxxxx426,xxxxxxx425,199897870071
293,user293,64241.36,2022-04-05,Shawberg,xxxxxxx884,xxxxxxx337,219072376228
294,user294,52691.91,2025-04-20,Reyesland,xxxxxxx831,xxxxxxx741,359322884510
295,user295,79776.63,2022-12-17,West Melissa,xxxxxxx166,xxxxxxx691,542883176013
296,user296,81258.07,2023-01-12,New Christopherberg,xxxxxxx349,xxxxxxx350,219440005275
297,user297,18569.88,2022-05-17,East Alicia,xxxxxxx636,xxxxxxx941,626096759344
298,user298,35981.8,2023-02-03,Feliciahaven,xxxxxxx188,xxxxxxx612,654198227637
299,user299,81101.29,2023-09-08,Williamville,xxxxxxx390,xxxxxxx403,774780487599
300,user300,33375.66,2024-09-23,East Lauraberg,xxxxxxx915,xxxxxxx636,474663995691
301,user301,56331.72,2020-12-03,Donaldville,xxxxxxx471,xxxxxxx742,420678859510
302,user302,69527.81,2021-09-11,East Shelly,xxxxxxx337,xxxxxxx862,246024779171
303,user303,26674.96,2025-04-26,Amyfurt,xxxxxxx840,xxxxxxx960,400307404980
304,user304,13545.55,2020-08-13,West Brandon,xxxxxxx478,xxxxxxx964,420414201929
305,user305,95617.04,2022-06-27,South Loganmouth,xxxxxxx651,xxxxxxx626,303634503417
306,user306,47503.47,2024-04-13,Josemouth,xxxxxxx678,xxxxxxx945,610262743288
307,user307,21721.06,2020-07-24,Pottermouth,xxxxxxx618,xxxxxxx931,222474257256
308,user308,75678.29,2024-03-04,Donaldshire,xxxxxxx458,xxxxxxx452,522092088854
309,user309,10109.97,2025-04-06,Maryhaven,xxxxxxx882,xxxxxxx463,559816647546
310,user310,82388.14,2023-09-01,North Ashley,xxxxxxx668,xxxxxxx447,448487816996
311,user311,96055.72,2021-07-29,East Crystalport,xxxxxxx972,xxxxxxx515,620129732453
312,user312,19079.76,2021-10-27,New Paulmouth,xxxxxxx231,xxxxxxx269,344994048875
313,user313,84376.44,2020-07-04,Sarahfurt,xxxxxxx947,xxxxxxx538,929774467922
314,user314,67247.82,2023-10-28,Kevinmouth,xxxxxxx585,xxxxxxx575,354834263673
315,user315,55737.42,2023-10-18,Tiffanyport,xxxxxxx236,xxxxxxx395,270509920159
316,user316,98116.88,2020-12-22,Lyonsmouth,xxxxxxx304,xxxxxxx971,520629501423
317,user317,77025.91,2025-01-07,Joshuaport,xxxxxxx591,xxxxxxx681,563708681184
318,user318,18601.35,2023-09-16,South Jeffreybury,xxxxxxx757,xxxxxxx901,593540961412
319,user319,4507.73,2023-12-05,Leonardstad,xxxxxxx218,xxxxxxx881,914310445460
320,user320,62338.36,2020-10-28,Lake Charlesville,xxxxxxx458,xxxxxxx983,707905444248
321,user321,13822.97,2022-09-04,Michaelside,xxxxxxx725,xxxxxxx409,224871231555
322,user322,45638.41,2021-02-26,Hernandezhaven,xxxxxxx181,xxxxxxx322,985447625457
323,user323,88852.14,2022-12-14,Bradleymouth,xxxxxxx831,xxxxxxx932,479613689333
324,user324,88617.79,2023-08-01,Lake Juan,xxxxxxx625,xxxxxxx651,177038183785
325,user325,55094.43,2022-07-15,East Williamfurt,xxxxxxx184,xxxxxxx464,339038306271
326,user326,24642.77,2023-11-18,East Melissa,xxxxxxx601,xxxxxxx851,105396628527
327,user327,54340.41,2023-11-20,South Anthony,xxxxxxx701,xxxxxxx792,839691161316
328,user328,14859.66,2021-10-31,North Richardport,xxxxxxx314,xxxxxxx379,881793884014
329,user329,35037.1,2022-11-23,Lake Markchester,xxxxxxx735,xxxxxxx108,782317097717
330,user330,53271.66,2022-03-17,Port Michaelborough,xxxxxxx187,xxxxxxx664,953209917658
331,user331,98170.72,2023-02-19,Lake Nicole,xxxxxxx316,xxxxxxx926,754357364069
332,user332,44276.36,2022-11-02,Lake Michael,xxxxxxx168,xxxxxxx163,182429308357
333,user333,11858.0,2023-04-16,Briantown,xxxxxxx749,xxxxxxx819,365674159088
334,user334,24900.96,2025-06-05,Ericbury,xxxxxxx689,xxxxxxx824,283207069367
335,user335,90170.53,2025-03-15,South Micheal,xxxxxxx929,xxxxxxx833,279524472011
336,user336,19100.89,2020-08-04,North Vanessahaven,xxxxxxx486,xxxxxxx349,889776267439
337,user337,68984.33,2021-04-08,Jasonport,xxxxxxx425,xxxxxxx254,846581558561
338,user338,47053.37,2024-01-31,Randolphborough,xxxxxxx300,xxxxxxx261,897798979473
339,user339,54222.64,2023-02-11,New Brooke,xxxxxxx559,xxxxxxx195,875503364381
340,user340,94783.11,2024-08-25,South Debbie,xxxxxxx999,xxxxxxx888,130194663782
341,user341,63374.81,2022-04-17,Brandonchester,xxxxxxx685,xxxxxxx290,491948382615
342,user342,2702.75,2021-06-06,South Anthonyport,xxxxxxx540,xxxxxxx551,402841539659
343,user343,6020.49,2020-11-15,Guerrerotown,xxxxxxx676,xxxxxxx340,421097845166
344,user344,13440.17,2022-07-10,Monicaberg,xxxxxxx408,xxxxxxx541,167368580628
345,user345,57397.91,2024-09-12,South Susanberg,xxxxxxx533,xxxxxxx661,333335916960
346,user346,5825.47,2022-02-21,East Jeffreyton,xxxxxxx668,xxxxxxx780,666472286925
347,user347,42279.0,2024-08-28,Jessicafurt,xxxxxxx558,xxxxxxx570,452297469744
348,user348,39539.48,2020-12-14,Woodsmouth,xxxxxxx855,xxxxxxx472,895559203742
349,user349,10514.78,2022-09-07,Millerfort,xxxxxxx718,xxxxxxx180,860983208364
350,user350,82096.43,2021-05-14,Lake Carolineton,xxxxxxx723,xxxxxxx727,247513178865
351,user351,77663.62,2024-09-03,Williamburgh,xxxxxxx604,xxxxxxx373,152714627977
352,user352,98803.9,2021-09-06,Yorkmouth,xxxxxxx579,xxxxxxx101,470186310849
353,user353,52736.28,2023-01-09,North Karina,xxxxxxx190,xxxxxxx589,879976692593
354,user354,14849.83,2023-04-01,Karamouth,xxxxxxx197,xxxxxxx277,832788121691
355,user355,66656.25,2024-10-17,Stevenland,xxxxxxx116,xxxxxxx373,971874169658
356,user356,21952.26,2022-03-16,Lozanofort,xxxxxxx633,xxxxxxx741,398182228537
357,user357,68045.2,2022-04-22,West Seth,xxxxxxx564,xxxxxxx516,837421265319
358,user358,1099.36,2021-05-11,North David,xxxxxxx835,xxxxxxx696,825699521053
359,user359,60747.83,2022-01-23,Brianview,xxxxxxx335,xxxxxxx794,104892228887
360,user360,27753.22,2022-06-05,South Marcus,xxxxxxx186,xxxxxxx274,362598855401
361,user361,72305.3,2021-04-05,Port Jonathonburgh,xxxxxxx822,xxxxxxx446,576098286017
362,user362,84483.33,2024-02-13,Lake Jason,xxxxxxx308,xxxxxxx265,572924805425
363,user363,69974.88,2024-02-21,South Timothyhaven,xxxxxxx606,xxxxxxx991,542050358530
364,user364,11496.23,2024-12-18,Joshuahaven,xxxxxxx729,xxxxxxx828,183022199707
365,user365,16741.69,2022-07-04,Danielton,xxxxxxx155,xxxxxxx901,317977016330
366,user366,34664.37,2022-09-18,North Janetown,xxxxxxx700,xxxxxxx536,307232940401
367,user367,3247.88,2022-02-08,South Kenneth,xxxxxxx150,xxxxxxx364,713875968729
368,user368,41500.38,2023-04-20,Robinmouth,xxxxxxx404,xxxxxxx673,533447522383
369,user369,26991.03,2022-10-10,Colemanburgh,xxxxxxx980,xxxxxxx216,375847959627
370,user370,62894.74,2025-02-07,New Bryan,xxxxxxx543,xxxxxxx651,824145341263
371,user371,6762.36,2021-05-14,West Williamside,xxxxxxx992,xxxxxxx858,514215949576
372,user372,69307.38,2020-10-13,Estradaport,xxxxxxx547,xxxxxxx199,909157420484
373,user373,40749.43,2022-09-10,Port Debbieburgh,xxxxxxx928,xxxxxxx861,984731182934
374,user374,34725.78,2020-07-02,East Thomas,xxxxxxx739,xxxxxxx189,729260647219
375,user375,30018.14,2023-06-30,Princebury,xxxxxxx405,xxxxxxx967,375694404016
376,user376,64904.24,2020-11-11,West Johnnyview,xxxxxxx781,xxxxxxx524,504201459109
377,user377,3853.72,2022-01-16,Shepherdville,xxxxxxx653,xxxxxxx705,715193512115
378,user378,76550.27,2025-02-25,Whitneymouth,xxxxxxx747,xxxxxxx484,139087238814
379,user379,4431.07,2020-12-04,West Robertchester,xxxxxxx843,xxxxxxx254,648810996234
380,user380,18264.06,2021-05-07,New Deanna,xxxxxxx599,xxxxxxx142,130947066897
381,user381,61903.79,2021-03-17,Briannaton,xxxxxxx384,xxxxxxx704,170752107038
382,user382,39997.97,2021-11-08,Port Cathychester,xxxxxxx310,xxxxxxx898,187742666724
383,user383,92899.57,2020-09-11,Lisafort,xxxxxxx399,xxxxxxx570,870475073342
384,user384,69712.4,2021-08-27,Brooksbury,xxxxxxx453,xxxxxxx513,472619104270
385,user385,10055.07,2022-05-07,South Cynthiaburgh,xxxxxxx667,xxxxxxx831,289054813519
386,user386,59677.31,2021-09-21,Alexismouth,xxxxxxx999,xxxxxxx317,548712532399
387,user387,57306.79,2020-11-10,Rayburgh,xxxxxxx920,xxxxxxx624,994622974689
388,user388,85187.29,2022-06-16,Lake Lisaview,xxxxxxx551,xxxxxxx293,617886468179
389,user389,54137.55,2022-11-15,Lake Danielstad,xxxxxxx363,xxxxxxx539,270307624441
390,user390,56639.56,2021-09-08,Campbellport,xxxxxxx496,xxxxxxx404,531462367746
391,user391,22064.2,2022-07-22,Robertton,xxxxxxx738,xxxxxxx242,437823636781
392,user392,23455.12,2020-06-26,East Randall,xxxxxxx275,xxxxxxx630,430326194289
393,user393,72381.97,2021-08-22,Shannonmouth,xxxxxxx346,xxxxxxx635,968557142545
394,user394,28020.66,2020-06-22,Brettmouth,xxxxxxx213,xxxxxxx660,123355276985
395,user395,54659.05,2022-05-05,Maldonadoberg,xxxxxxx133,xxxxxxx746,386073984484
396,user396,87610.56,2023-06-23,Sarahtown,xxxxxxx340,xxxxxxx302,202609638865
397,user397,28546.94,2021-05-12,Espinozastad,xxxxxxx593,xxxxxxx257,295307599905
398,user398,92162.1,2021-01-03,Parkerberg,xxxxxxx158,xxxxxxx541,758745225771
399,user399,4480.98,2021-05-26,North Danielleburgh,xxxxxxx132,xxxxxxx802,462139309897
400,user400,16097.11,2025-01-10,Aprilview,xxxxxxx830,xxxxxxx254,270818098733
401,user401,14996.62,2024-12-31,East Mariaton,xxxxxxx461,xxxxxxx480,880466482695
402,user402,74552.9,2024-01-22,Lake Paulburgh,xxxxxxx869,xxxxxxx392,614501826069
403,user403,11324.17,2024-09-05,West Sarah,xxxxxxx927,xxxxxxx589,424774199870
404,user404,84052.74,2023-07-15,Fisherport,xxxxxxx320,xxxxxxx534,307748364835
405,user405,90706.66,2021-09-11,Port Jacobside,xxxxxxx641,xxxxxxx362,292857951807
406,user406,84503.74,2023-04-26,Leeville,xxxxxxx823,xxxxxxx448,624544267824
407,user407,4002.11,2023-07-05,Kimberlychester,xxxxxxx157,xxxxxxx853,842160336732
408,user408,43727.13,2021-02-17,Collinshaven,xxxxxxx329,xxxxxxx454,437394828777
409,user409,51153.7,2023-02-22,Armstrongtown,xxxxxxx546,xxxxxxx691,944454626230
410,user410,5954.0,2021-03-21,East Robert,xxxxxxx705,xxxxxxx438,155839126822
411,user411,22131.44,2021-11-13,Christopherborough,xxxxxxx569,xxxxxxx521,298820097966
412,user412,17867.64,2024-02-21,Rossville,xxxxxxx122,xxxxxxx603,723356994666
413,user413,82981.6,2024-12-07,Johnstad,xxxxxxx700,xxxxxxx994,213257583603
414,user414,2081.93,2024-02-13,Port Jameston,xxxxxxx817,xxxxxxx802,885264182187
415,user415,54817.53,2023-04-10,East Vanessafurt,xxxxxxx332,xxxxxxx762,180200925230
416,user416,50397.13,2022-08-29,Port Jeffrey,xxxxxxx415,xxxxxxx428,550464858080
417,user417,30264.18,2022-08-09,Port Danielville,xxxxxxx177,xxxxxxx169,205720023759
418,user418,35071.85,2023-03-30,South Anthonyshire,xxxxxxx474,xxxxxxx638,790154549704
419,user419,77562.91,2024-05-26,East Brenda,xxxxxxx254,xxxxxxx992,603307221011
420,user420,41849.29,2022-10-19,Garnerview,xxxxxxx782,xxxxxxx274,895897442997
421,user421,66532.19,2023-12-14,Natalieshire,xxxxxxx997,xxxxxxx109,798462308034
422,user422,29247.6,2021-08-08,Josephborough,xxxxxxx619,xxxxxxx958,816338677093
423,user423,21814.21,2022-07-04,Nicolebury,xxxxxxx289,xxxxxxx613,321256166858
424,user424,23458.85,2024-05-24,South Kelli,xxxxxxx298,xxxxxxx633,798396233287
425,user425,31595.99,2022-10-09,Cindyport,xxxxxxx519,xxxxxxx563,463712626183
426,user426,91752.55,2021-06-23,Lake Samuel,xxxxxxx557,xxxxxxx546,998836306985
427,user427,17187.19,2020-12-08,West Kevin,xxxxxxx707,xxxxxxx245,544265164638
428,user428,98599.7,2023-12-27,Lake Michael,xxxxxxx165,xxxxxxx494,759329375128
429,user429,57599.69,2024-04-22,Ashleyview,xxxxxxx807,xxxxxxx859,893578905279
430,user430,83797.94,2023-07-04,East Barbara,xxxxxxx573,xxxxxxx594,610799974657
431,user431,92602.01,2021-06-10,Port Paulbury,xxxxxxx877,xxxxxxx750,526983930302
432,user432,12477.6,2024-02-16,South Danielmouth,xxxxxxx149,xxxxxxx397,826140384510
433,user433,79476.05,2024-04-13,West Allison,xxxxxxx347,xxxxxxx672,281448023724
434,user434,82936.99,2022-02-26,East Tonya,xxxxxxx532,xxxxxxx779,559636916065
435,user435,99717.15,2023-10-13,Dennistown,xxxxxxx273,xxxxxxx229,446436741126
436,user436,51465.0,2021-06-11,Myersburgh,xxxxxxx148,xxxxxxx130,314613487216
437,user437,52707.06,2023-04-04,Frankport,xxxxxxx932,xxxxxxx791,831637434220
438,user438,78428.02,2023-11-23,North Nicholasland,xxxxxxx481,xxxxxxx472,520705904523
439,user439,62775.3,2022-09-18,Whitefort,xxxxxxx635,xxxxxxx297,713976591782
440,user440,34709.4,2020-11-08,West Kelli,xxxxxxx308,xxxxxxx775,453054010542
441,user441,82579.0,2024-03-19,Jamesfort,xxxxxxx767,xxxxxxx295,305352221089
442,user442,27392.66,2020-07-20,Clarkport,xxxxxxx851,xxxxxxx142,362100489926
443,user443,1816.69,2020-07-21,Latoyaside,xxxxxxx383,xxxxxxx786,480889391635
444,user444,87909.29,2023-12-31,Danashire,xxxxxxx876,xxxxxxx918,973853462355
445,user445,49009.51,2025-05-06,New Brett,xxxxxxx242,xxxxxxx513,821319148867
446,user446,91036.75,2022-06-05,West Jessicahaven,xxxxxxx428,xxxxxxx590,370426815752
447,user447,13492.78,2022-02-04,Zamoraside,xxxxxxx729,xxxxxxx820,458732587914
448,user448,20897.23,2023-08-14,South Ronald,xxxxxxx517,xxxxxxx531,678590550192
449,user449,64275.73,2022-04-16,Melindafort,xxxxxxx187,xxxxxxx784,136162970221
450,user450,61345.31,2022-06-13,West Andreaside,xxxxxxx738,xxxxxxx235,328007234732
451,user451,53924.23,2024-12-28,Port Olivia,xxxxxxx812,xxxxxxx932,492736477352
452,user452,83821.7,2023-11-14,East Christianstad,xxxxxxx131,xxxxxxx996,976345650025
453,user453,22898.4,2024-11-17,West Michael,xxxxxxx721,xxxxxxx471,197804157550
454,user454,46049.9,2024-12-16,Tonyborough,xxxxxxx339,xxxxxxx485,618179792402
455,user455,30466.28,2020-08-17,Hammondview,xxxxxxx888,xxxxxxx840,746923622726
456,user456,22178.07,2022-03-13,Davenportfort,xxxxxxx578,xxxxxxx537,552735949544
457,user457,83727.49,2024-12-27,Justinfurt,xxxxxxx245,xxxxxxx699,436776101547
458,user458,99094.28,2025-03-18,South Kelly,xxxxxxx149,xxxxxxx313,302334333976
459,user459,29049.29,2020-08-20,Livingstonton,xxxxxxx718,xxxxxxx108,337066388132
460,user460,97209.74,2021-09-22,West Amandastad,xxxxxxx954,xxxxxxx784,104967127900
461,user461,10737.41,2024-03-22,Howellland,xxxxxxx749,xxxxxxx480,203919458265
462,user462,74811.01,2024-09-26,Montgomeryport,xxxxxxx845,xxxxxxx620,743445117364
463,user463,37065.14,2021-06-08,Cameronberg,xxxxxxx249,xxxxxxx699,112875676020
464,user464,45379.13,2021-06-12,Port Joseph,xxxxxxx408,xxxxxxx849,168363620310
465,user465,94398.53,2020-08-14,South Jonathan,xxxxxxx965,xxxxxxx165,857928550243
466,user466,24156.79,2021-09-01,Port Brandon,xxxxxxx232,xxxxxxx732,899232197487
467,user467,65459.33,2023-11-21,Lake Steven,xxxxxxx144,xxxxxxx908,127174561755
468,user468,91153.36,2025-03-05,Meyerborough,xxxxxxx601,xxxxxxx570,299942044227
469,user469,34140.5,2023-12-28,New Peter,xxxxxxx767,xxxxxxx481,415523786453
470,user470,21221.07,2021-12-21,Bentleystad,xxxxxxx107,xxxxxxx799,185429448446
471,user471,13238.2,2025-06-13,Aaronside,xxxxxxx931,xxxxxxx784,246841558938
472,user472,58300.27,2021-01-02,Perkinshaven,xxxxxxx964,xxxxxxx265,536969376477
473,user473,13526.15,2023-07-26,Laceyberg,xxxxxxx214,xxxxxxx206,690570465516
474,user474,43210.52,2021-06-15,South Michaelfurt,xxxxxxx326,xxxxxxx953,703439587444
475,user475,33448.73,2024-07-25,North Alexander,xxxxxxx481,xxxxxxx717,754878424178
476,user476,42754.52,2021-10-09,Lake Alexandra,xxxxxxx381,xxxxxxx616,983126792447
477,user477,34254.07,2023-02-08,South Matthew,xxxxxxx884,xxxxxxx794,784797722579
478,user478,34858.62,2021-10-06,Allenstad,xxxxxxx835,xxxxxxx401,879293968486
479,user479,47270.0,2022-12-26,Teresashire,xxxxxxx469,xxxxxxx377,582196256755
480,user480,60398.63,2022-06-13,Hancockchester,xxxxxxx554,xxxxxxx576,848463083840
481,user481,3050.14,2022-03-12,North Chelseafurt,xxxxxxx578,xxxxxxx461,469343824155
482,user482,14586.09,2021-05-14,West Howard,xxxxxxx421,xxxxxxx767,448322154690
483,user483,46701.4,2025-03-02,Lake Brenda,xxxxxxx946,xxxxxxx948,674962702078
484,user484,92739.85,2023-12-24,Scottland,xxxxxxx796,xxxxxxx756,456647727360
485,user485,41772.3,2024-12-16,Lake Alexisshire,xxxxxxx606,xxxxxxx666,929597375839
486,user486,98145.71,2020-12-21,South Wendy,xxxxxxx842,xxxxxxx977,365900485591
487,user487,55976.76,2021-03-06,South Abigail,xxxxxxx881,xxxxxxx723,802945362096
488,user488,68848.67,2021-09-21,Lake Debrafort,xxxxxxx201,xxxxxxx972,123387723788
489,user489,77890.21,2023-10-02,Lake Rebeccaville,xxxxxxx171,xxxxxxx243,976737114159
490,user490,9637.88,2022-10-03,North Jonathanville,xxxxxxx807,xxxxxxx132,401703212226
491,user491,8116.68,2024-03-23,Lake Travishaven,xxxxxxx423,xxxxxxx916,336795913059
492,user492,96989.07,2025-02-03,Timothyhaven,xxxxxxx277,xxxxxxx779,665024475332
493,user493,54051.73,2020-12-25,South Jacob,xxxxxxx196,xxxxxxx241,906686405525
494,user494,49134.02,2023-10-24,Fernandezfurt,xxxxxxx878,xxxxxxx607,917369298360
495,user495,76571.35,2024-07-13,Lake Ericburgh,xxxxxxx115,xxxxxxx930,649187424102
496,user496,50154.03,2024-12-26,Andrewton,xxxxxxx391,xxxxxxx970,769767572586
497,user497,54038.11,2021-08-19,Wellsville,xxxxxxx132,xxxxxxx684,354878153585
498,user498,51414.56,2023-04-30,Rubioland,xxxxxxx279,xxxxxxx750,227623001222
499,user499,3350.83,2022-02-07,East Holly,xxxxxxx565,xxxxxxx892,617427112164
500,user500,98883.46,2025-02-19,Marciamouth,xxxxxxx540,xxxxxxx439,901283364816
501,user501,94631.07,2025-04-01,East Christineport,xxxxxxx654,xxxxxxx943,853863491940
502,user502,50802.24,2023-07-18,Moodyton,xxxxxxx305,xxxxxxx655,799359099685
503,user503,2414.96,2021-04-20,Cranechester,xxxxxxx859,xxxxxxx119,525291644481
504,user504,49933.75,2021-02-18,South Melanie,xxxxxxx665,xxxxxxx834,918451067453
505,user505,17786.73,2022-04-22,Robinland,xxxxxxx407,xxxxxxx115,778635852246
506,user506,75113.04,2024-07-01,Petersonmouth,xxxxxxx295,xxxxxxx805,229166715862
507,user507,20284.89,2021-09-23,Roblesport,xxxxxxx130,xxxxxxx142,774715376355
508,user508,41350.5,2025-05-14,Lake Caseymouth,xxxxxxx225,xxxxxxx605,802727003364
509,user509,1138.96,2022-02-06,North John,xxxxxxx174,xxxxxxx204,686426779622
510,user510,9965.47,2022-08-09,Scottport,xxxxxxx543,xxxxxxx703,430316369065
511,user511,63670.64,2022-03-28,Michaelfort,xxxxxxx751,xxxxxxx120,240289076191
512,user512,93396.82,2024-07-06,Maynardtown,xxxxxxx869,xxxxxxx158,785769591263
513,user513,61683.83,2022-03-10,Clarktown,xxxxxxx157,xxxxxxx624,431056927896
514,user514,62161.77,2024-11-27,Williamtown,xxxxxxx372,xxxxxxx997,525746025897
515,user515,48071.74,2021-05-10,Weavermouth,xxxxxxx814,xxxxxxx705,549787884728
516,user516,66289.3,2021-06-28,Donnamouth,xxxxxxx778,xxxxxxx783,300131677240
517,user517,89645.46,2020-12-19,Port Morganland,xxxxxxx193,xxxxxxx775,194851954803
518,user518,69061.49,2022-06-06,Brianshire,xxxxxxx654,xxxxxxx506,650901031849
519,user519,75911.75,2024-08-19,Bishopfurt,xxxxxxx116,xxxxxxx465,677045810832
520,user520,41671.32,2022-09-29,North Tarafurt,xxxxxxx780,xxxxxxx192,930227127804
521,user521,75568.95,2021-02-22,Schroedermouth,xxxxxxx718,xxxxxxx842,278050171553
522,user522,46573.48,2021-08-14,Cathyside,xxxxxxx273,xxxxxxx654,562430820727
523,user523,50237.92,2024-05-11,North Joel,xxxxxxx940,xxxxxxx148,882478049296
524,user524,90610.02,2025-05-02,Aaronmouth,xxxxxxx371,xxxxxxx691,141330149705
525,user525,54756.98,2023-03-24,Lawrenceberg,xxxxxxx162,xxxxxxx720,796183629323
526,user526,52734.68,2024-11-03,South Dawnmouth,xxxxxxx658,xxxxxxx533,294613149778
527,user527,91188.79,2023-10-06,Samanthaborough,xxxxxxx968,xxxxxxx996,917041272102
528,user528,47662.56,2024-06-26,Barronfurt,xxxxxxx640,xxxxxxx407,385032596820
529,user529,87140.8,2022-03-28,Youngville,xxxxxxx447,xxxxxxx688,319490324005
530,user530,79612.83,2021-04-03,South Kathrynfort,xxxxxxx740,xxxxxxx900,572733350519
531,user531,77875.12,2023-11-11,North Hannahbury,xxxxxxx345,xxxxxxx872,861543034469
532,user532,81788.86,2021-08-22,New Lisamouth,xxxxxxx562,xxxxxxx540,671795965375
533,user533,38403.12,2020-08-06,South Josebury,xxxxxxx283,xxxxxxx643,738108545842
534,user534,75005.66,2022-09-29,Guerrerochester,xxxxxxx889,xxxxxxx459,933151803895
535,user535,67329.8,2023-05-17,Christophershire,xxxxxxx301,xxxxxxx409,331986778820
536,user536,31694.49,2023-02-20,East Matthew,xxxxxxx100,xxxxxxx326,415078648425
537,user537,92899.01,2020-10-02,Port Whitney,xxxxxxx852,xxxxxxx868,867739096581
538,user538,85631.36,2020-10-01,Darrellfort,xxxxxxx310,xxxxxxx271,186809328739
539,user539,16971.6,2024-05-14,East Todd,xxxxxxx574,xxxxxxx997,581139455867
540,user540,41660.47,2023-10-05,Angelafort,xxxxxxx630,xxxxxxx151,192052812874
541,user541,21913.5,2023-11-29,East Nicole,xxxxxxx958,xxxxxxx459,212890924622
542,user542,79543.75,2023-07-27,Gregoryborough,xxxxxxx912,xxxxxxx833,284953919093
543,user543,12829.79,2022-09-06,Lunaburgh,xxxxxxx698,xxxxxxx689,855789108059
544,user544,52449.11,2021-10-31,Lake Tiffanybury,xxxxxxx767,xxxxxxx990,260487933415
545,user545,32072.82,2024-07-21,North Michael,xxxxxxx577,xxxxxxx465,978121083164
546,user546,16131.16,2024-10-01,Johnsonville,xxxxxxx325,xxxxxxx586,341334142083
547,user547,99042.75,2024-10-18,Smithfurt,xxxxxxx605,xxxxxxx243,987603972468
548,user548,6815.02,2023-11-24,North Andrewbury,xxxxxxx266,xxxxxxx129,471598242480
549,user549,95290.08,2022-11-17,Molinashire,xxxxxxx646,xxxxxxx891,863165137345
550,user550,71191.31,2024-08-19,New David,xxxxxxx773,xxxxxxx543,685500821098
551,user551,63649.02,2021-06-23,Chelseaton,xxxxxxx970,xxxxxxx758,511505960278
552,user552,34937.26,2024-09-14,Sharonfurt,xxxxxxx511,xxxxxxx464,269595428075
553,user553,11447.73,2023-06-11,Janicefurt,xxxxxxx400,xxxxxxx163,918456423522
554,user554,35271.71,2024-11-16,New Kristintown,xxxxxxx893,xxxxxxx601,310404521631
555,user555,3012.94,2023-06-27,South Matthewview,xxxxxxx755,xxxxxxx118,948199221667
556,user556,6374.37,2020-10-24,West Daisytown,xxxxxxx362,xxxxxxx224,122778772236
557,user557,35036.48,2024-01-30,North Harold,xxxxxxx222,xxxxxxx164,465160473027
558,user558,81758.49,2024-01-20,Stantonfurt,xxxxxxx282,xxxxxxx794,193265785206
559,user559,81845.85,2022-03-01,Reyesbury,xxxxxxx823,xxxxxxx254,472557429541
560,user560,95637.75,2021-12-04,Aliciabury,xxxxxxx726,xxxxxxx921,561327473371
561,user561,14749.1,2025-05-22,Robertstad,xxxxxxx746,xxxxxxx173,266461167998
562,user562,25142.41,2025-03-18,South Sandyfort,xxxxxxx241,xxxxxxx970,852758276076
563,user563,94458.61,2020-08-10,Karenbury,xxxxxxx625,xxxxxxx517,950184516653
564,user564,10752.82,2024-08-07,Michelleburgh,xxxxxxx916,xxxxxxx582,907197715084
565,user565,69414.75,2020-11-17,Floresview,xxxxxxx726,xxxxxxx330,419270513518
566,user566,35668.22,2021-04-08,South Michael,xxxxxxx466,xxxxxxx863,298280164602
567,user567,70650.98,2021-08-03,East Matthewburgh,xxxxxxx687,xxxxxxx830,694168067630
568,user568,7346.73,2024-12-29,West Daniel,xxxxxxx421,xxxxxxx421,956892094412
569,user569,58858.99,2021-07-23,Port Edwin,xxxxxxx265,xxxxxxx914,264294401825
570,user570,72853.19,2021-04-14,Ronaldhaven,xxxxxxx266,xxxxxxx769,768715300214
571,user571,75549.84,2023-10-22,North Angelashire,xxxxxxx661,xxxxxxx501,974821154184
572,user572,56763.0,2020-08-18,Morganview,xxxxxxx316,xxxxxxx277,663052879958
573,user573,39698.94,2021-10-21,Port Benjamin,xxxxxxx917,xxxxxxx253,145200557097
574,user574,88804.65,2025-06-09,Lake Kevinland,xxxxxxx509,xxxxxxx437,912357043010
575,user575,27855.97,2024-07-05,Tiffanyborough,xxxxxxx983,xxxxxxx386,572613350257
576,user576,17105.97,2021-05-09,Dunlapbury,xxxxxxx279,xxxxxxx296,707627839815
577,user577,69170.97,2023-04-25,Josephfurt,xxxxxxx780,xxxxxxx137,582630755039
578,user578,88534.18,2024-10-16,Port Jamesstad,xxxxxxx690,xxxxxxx782,580762770927
579,user579,43389.69,2025-02-22,Andrewmouth,xxxxxxx818,xxxxxxx323,527905979602
580,user580,6713.78,2023-08-27,Natashabury,xxxxxxx484,xxxxxxx152,616091424676
581,user581,60551.46,2023-09-21,East Sherylmouth,xxxxxxx475,xxxxxxx143,869177111283
582,user582,13514.52,2023-12-13,Timothytown,xxxxxxx884,xxxxxxx360,935519168159
583,user583,87864.72,2023-08-03,North Michaelshire,xxxxxxx768,xxxxxxx871,451116522909
584,user584,39288.87,2025-04-04,Tuckershire,xxxxxxx961,xxxxxxx341,996687769416
585,user585,89884.66,2023-12-28,Lake Ronald,xxxxxxx981,xxxxxxx207,900496028905
586,user586,3657.49,2023-11-07,East Derekhaven,xxxxxxx820,xxxxxxx407,302984108555
587,user587,84365.33,2023-05-19,Kathleenshire,xxxxxxx577,xxxxxxx884,693013370605
588,user588,66725.45,2023-10-24,Lake Dominiqueburgh,xxxxxxx672,xxxxxxx464,250048724064
589,user589,50495.56,2023-10-09,Riveraborough,xxxxxxx871,xxxxxxx759,987163760827
590,user590,90570.73,2024-05-25,Lake Coryhaven,xxxxxxx362,xxxxxxx628,828438181517
591,user591,2580.68,2023-08-22,Watkinshaven,xxxxxxx988,xxxxxxx270,481684452798
592,user592,36662.65,2022-12-03,Morrisonstad,xxxxxxx918,xxxxxxx782,520518599016
593,user593,93485.64,2021-01-07,Hayesville,xxxxxxx772,xxxxxxx423,779700003463
594,user594,13289.29,2025-05-08,North Jonathan,xxxxxxx233,xxxxxxx947,951313289666
595,user595,49556.02,2022-10-08,Torreschester,xxxxxxx376,xxxxxxx793,453016591367
596,user596,55631.91,2024-06-18,East Kathyville,xxxxxxx928,xxxxxxx695,598959698640
597,user597,75419.42,2023-11-23,Williamfort,xxxxxxx120,xxxxxxx840,850047127672
598,user598,13852.95,2024-04-04,Port Davidhaven,xxxxxxx339,xxxxxxx303,967662654230
599,user599,70232.39,2024-05-12,Nataliehaven,xxxxxxx951,xxxxxxx389,141315299118
600,user600,26782.26,2020-09-04,West Cynthiastad,xxxxxxx303,xxxxxxx753,250047938673
601,user601,40882.24,2023-12-25,New Rachel,xxxxxxx588,xxxxxxx579,540324151383
602,user602,67665.36,2022-09-08,Lewistown,xxxxxxx905,xxxxxxx768,188370816479
603,user603,59186.3,2022-10-11,Wilsonborough,xxxxxxx499,xxxxxxx983,332590532580
604,user604,45408.74,2021-11-17,Williamsonstad,xxxxxxx258,xxxxxxx918,961213105411
605,user605,11262.4,2022-05-16,Delgadoview,xxxxxxx507,xxxxxxx134,800362029008
606,user606,51576.26,2025-03-21,Shepherdton,xxxxxxx955,xxxxxxx947,433805630218
607,user607,31212.75,2025-02-20,Lake Anthonybury,xxxxxxx682,xxxxxxx258,197614404686
608,user608,95920.71,2025-02-17,New Paige,xxxxxxx486,xxxxxxx353,750483343310
609,user609,85942.24,2024-12-24,South Heather,xxxxxxx882,xxxxxxx314,575785888883
610,user610,78740.2,2024-11-09,New Jeremyview,xxxxxxx306,xxxxxxx713,947311244591
611,user611,74055.06,2025-04-22,Jacquelineport,xxxxxxx719,xxxxxxx480,932703556759
612,user612,59978.46,2023-07-20,Michelechester,xxxxxxx650,xxxxxxx851,389740174493
613,user613,87253.89,2024-04-12,Diazchester,xxxxxxx935,xxxxxxx940,172070277612
614,user614,61746.96,2021-08-09,East Michele,xxxxxxx340,xxxxxxx508,259025641289
615,user615,85194.11,2022-06-23,Patrickborough,xxxxxxx647,xxxxxxx436,587325620880
616,user616,43420.88,2023-07-01,Aliciaborough,xxxxxxx721,xxxxxxx609,374895584449
617,user617,8739.01,2021-01-17,Jesseton,xxxxxxx509,xxxxxxx553,644175557055
618,user618,59328.69,2024-12-26,Laurenhaven,xxxxxxx694,xxxxxxx428,970321173345
619,user619,32768.91,2024-03-14,Burnettborough,xxxxxxx915,xxxxxxx610,498694860875
620,user620,61034.42,2020-12-19,Lake Darrenbury,xxxxxxx429,xxxxxxx868,121505277408
621,user621,15620.63,2025-03-20,Denisemouth,xxxxxxx602,xxxxxxx432,824521155628
622,user622,62776.61,2024-03-16,Wernerside,xxxxxxx961,xxxxxxx921,476227925378
623,user623,76539.92,2023-01-31,Lake Richard,xxxxxxx719,xxxxxxx774,682068801897
624,user624,19397.02,2024-03-20,Lake Johnberg,xxxxxxx918,xxxxxxx326,797929999495
625,user625,20095.12,2023-03-13,Clarkbury,xxxxxxx480,xxxxxxx623,568602238073
626,user626,45720.17,2023-07-02,Vasquezchester,xxxxxxx180,xxxxxxx951,738175361993
627,user627,81641.77,2021-09-26,Lake Erin,xxxxxxx661,xxxxxxx180,455318105693
628,user628,10407.4,2021-03-08,Lake Mary,xxxxxxx571,xxxxxxx204,325798700320
629,user629,37844.29,2024-04-22,North Mary,xxxxxxx312,xxxxxxx907,765573414998
630,user630,22206.52,2021-04-14,Allenview,xxxxxxx223,xxxxxxx760,620617733651
631,user631,15240.65,2024-03-02,Port Anneborough,xxxxxxx622,xxxxxxx974,403281372597
632,user632,34949.85,2022-05-22,Katietown,xxxxxxx936,xxxxxxx128,885427723515
633,user633,58376.55,2025-02-09,Smithport,xxxxxxx575,xxxxxxx240,126958809764
634,user634,93311.81,2021-08-15,North Ericberg,xxxxxxx430,xxxxxxx516,496458988204
635,user635,81330.91,2024-12-14,Joseborough,xxxxxxx291,xxxxxxx639,289221590425
636,user636,17365.89,2024-11-13,Mckinneyshire,xxxxxxx831,xxxxxxx218,261160848601
637,user637,14065.28,2021-02-20,Cameronchester,xxxxxxx116,xxxxxxx298,809934768889
638,user638,31794.93,2023-04-07,North Angelastad,xxxxxxx115,xxxxxxx267,303098822498
639,user639,63406.92,2023-12-02,New Wendy,xxxxxxx238,xxxxxxx727,362150173914
640,user640,17262.28,2022-07-21,Lake Robertton,xxxxxxx256,xxxxxxx753,741286735585
641,user641,62679.84,2023-12-09,Beasleyside,xxxxxxx801,xxxxxxx163,245716881045
642,user642,56143.47,2022-12-31,Jonestown,xxxxxxx754,xxxxxxx742,308627797448
643,user643,24642.76,2022-06-01,Port Patricia,xxxxxxx404,xxxxxxx976,209027140603
644,user644,59698.23,2021-11-11,Susanstad,xxxxxxx321,xxxxxxx441,858715201974
645,user645,42232.06,2025-05-31,West Connie,xxxxxxx227,xxxxxxx506,370180005967
646,user646,93708.58,2020-11-18,North Shelialand,xxxxxxx374,xxxxxxx270,660825701306
647,user647,47161.6,2025-02-28,North Dominiqueborough,xxxxxxx463,xxxxxxx587,352772901338
648,user648,10173.86,2024-03-29,Lake Kelliport,xxxxxxx647,xxxxxxx263,621086062090
649,user649,21935.69,2022-10-29,Ashleyhaven,xxxxxxx964,xxxxxxx505,757254807707
650,user650,10946.09,2021-01-02,Michaelfort,xxxxxxx585,xxxxxxx788,191712303748
651,user651,95281.32,2024-01-20,Port Lesliemouth,xxxxxxx569,xxxxxxx129,766683615201
652,user652,62163.0,2023-06-30,South William,xxxxxxx625,xxxxxxx229,780642223855
653,user653,60813.63,2024-02-21,East Johnmouth,xxxxxxx711,xxxxxxx604,705192330778
654,user654,5663.01,2023-09-25,Millsport,xxxxxxx636,xxxxxxx394,764753364537
655,user655,7464.41,2024-01-03,Thompsonfurt,xxxxxxx743,xxxxxxx351,434978069196
656,user656,62446.98,2021-10-03,North Ashleymouth,xxxxxxx713,xxxxxxx473,964992151780
657,user657,92316.85,2023-04-27,Wilsonberg,xxxxxxx144,xxxxxxx459,351825317931
658,user658,9058.39,2020-07-30,Martinezton,xxxxxxx757,xxxxxxx892,436421720064
659,user659,45923.54,2022-09-25,Franklinfort,xxxxxxx640,xxxxxxx591,470870630086
660,user660,17174.49,2023-07-07,Aprilberg,xxxxxxx517,xxxxxxx162,507129019550
661,user661,70952.97,2024-12-23,Bruceside,xxxxxxx348,xxxxxxx149,489564736559
662,user662,80085.54,2024-04-19,East Dakota,xxxxxxx509,xxxxxxx352,457941614756
663,user663,62740.73,2022-02-01,Washingtonbury,xxxxxxx653,xxxxxxx700,564832991197
664,user664,72353.29,2021-05-07,Reynoldsville,xxxxxxx838,xxxxxxx354,698466670178
665,user665,86959.01,2021-09-27,Josephland,xxxxxxx714,xxxxxxx120,779858213388
666,user666,40728.76,2020-06-15,Sarahfurt,xxxxxxx591,xxxxxxx162,404546052878
667,user667,29045.42,2021-07-07,Chandlerhaven,xxxxxxx419,xxxxxxx824,101639448652
668,user668,42425.65,2021-10-29,Rodriguezchester,xxxxxxx175,xxxxxxx905,281146487016
669,user669,18582.44,2021-11-25,New Cassidymouth,xxxxxxx742,xxxxxxx502,110377372331
670,user670,78407.59,2020-06-19,Port Ashleyport,xxxxxxx350,xxxxxxx828,860643078017
671,user671,38607.56,2024-12-22,North Jonathanhaven,xxxxxxx124,xxxxxxx469,651324906733
672,user672,44479.93,2023-11-28,Lake Troy,xxxxxxx348,xxxxxxx419,899720778473
673,user673,11649.74,2022-02-18,Port Kim,xxxxxxx595,xxxxxxx360,812007503599
674,user674,22606.4,2020-11-15,Brittneyview,xxxxxxx537,xxxxxxx897,705500712994
675,user675,85087.27,2021-01-27,South Nicole,xxxxxxx306,xxxxxxx418,556805964648
676,user676,77414.38,2022-06-06,North Victoria,xxxxxxx107,xxxxxxx666,694155958636
677,user677,16080.34,2022-06-06,New Loribury,xxxxxxx357,xxxxxxx777,410777714631
678,user678,32463.8,2021-07-13,Lake John,xxxxxxx375,xxxxxxx184,567263893552
679,user679,87060.41,2020-12-13,New Jeffrey,xxxxxxx530,xxxxxxx996,386724571741
680,user680,34238.36,2020-10-14,Matthewport,xxxxxxx333,xxxxxxx860,495063006145
681,user681,50996.22,2021-06-09,Beckville,xxxxxxx346,xxxxxxx904,915387373253
682,user682,87121.81,2021-08-15,Wilkinsonshire,xxxxxxx246,xxxxxxx453,321404228190
683,user683,8963.34,2025-03-20,Barronshire,xxxxxxx642,xxxxxxx603,696848960641
684,user684,78861.86,2022-12-31,Melissachester,xxxxxxx144,xxxxxxx930,691316629281
685,user685,79609.05,2023-04-30,North Samuelside,xxxxxxx685,xxxxxxx238,355129841008
686,user686,26850.18,2020-07-12,Shannonton,xxxxxxx934,xxxxxxx206,874770717684
687,user687,62366.04,2025-01-08,Josephchester,xxxxxxx425,xxxxxxx284,882985396567
688,user688,46000.42,2021-09-26,Matthewport,xxxxxxx529,xxxxxxx133,453828702626
689,user689,23222.88,2024-06-20,Manningfurt,xxxxxxx986,xxxxxxx724,304701531541
690,user690,55181.88,2021-01-15,South Erin,xxxxxxx162,xxxxxxx201,692377580198
691,user691,6302.49,2025-05-22,Pedrobury,xxxxxxx139,xxxxxxx797,759296385666
692,user692,95793.93,2022-04-05,Lake Kimberlyside,xxxxxxx749,xxxxxxx180,564880044814
693,user693,42588.44,2024-03-28,West Michaelmouth,xxxxxxx697,xxxxxxx769,154645734839
694,user694,77566.39,2025-01-23,West Thomasport,xxxxxxx569,xxxxxxx798,125692862409
695,user695,56628.18,2021-10-04,North Victoriahaven,xxxxxxx875,xxxxxxx893,254821029162
696,user696,33955.96,2024-09-28,North Sarabury,xxxxxxx753,xxxxxxx438,309596531897
697,user697,83022.99,2021-11-02,Timothyview,xxxxxxx632,xxxxxxx361,752014391113
698,user698,90147.5,2020-07-27,New Margaret,xxxxxxx173,xxxxxxx601,979781747553
699,user699,97658.58,2024-07-06,Lorihaven,xxxxxxx306,xxxxxxx517,300598941119
700,user700,20505.58,2024-04-26,East Ricardoville,xxxxxxx961,xxxxxxx129,817193934234
701,user701,93153.92,2020-10-08,Lindaton,xxxxxxx738,xxxxxxx180,922424872451
702,user702,84125.4,2020-12-06,Heatherton,xxxxxxx530,xxxxxxx894,993652683143
703,user703,46436.18,2024-10-10,Costamouth,xxxxxxx788,xxxxxxx727,233350580246
704,user704,67525.01,2024-02-23,East Christopher,xxxxxxx643,xxxxxxx487,192264920270
705,user705,21171.74,2020-10-20,Stanleyfurt,xxxxxxx376,xxxxxxx710,238290406454
706,user706,38759.15,2024-03-18,South Sherry,xxxxxxx663,xxxxxxx841,730583956870
707,user707,34027.38,2022-05-21,North Corey,xxxxxxx216,xxxxxxx733,473500064107
708,user708,79501.47,2025-06-04,Wigginston,xxxxxxx100,xxxxxxx803,396825426094
709,user709,91835.53,2023-04-11,South Megan,xxxxxxx959,xxxxxxx190,698508300523
710,user710,89779.52,2023-09-25,New Ralphstad,xxxxxxx814,xxxxxxx192,949644951112
711,user711,3245.4,2022-01-21,Suttonport,xxxxxxx790,xxxxxxx935,256852250820
712,user712,42024.16,2021-01-11,East Annetteview,xxxxxxx856,xxxxxxx778,956413391337
713,user713,58096.81,2024-05-30,Lisamouth,xxxxxxx757,xxxxxxx328,126817896923
714,user714,62083.04,2024-03-26,Hernandezside,xxxxxxx817,xxxxxxx747,690963519888
715,user715,73221.99,2025-03-13,Port Michael,xxxxxxx297,xxxxxxx285,280522471223
716,user716,20865.82,2021-07-07,Tinamouth,xxxxxxx755,xxxxxxx665,186757164206
717,user717,83508.89,2020-12-10,Jameston,xxxxxxx127,xxxxxxx696,575105167634
718,user718,21038.58,2024-01-02,Singletonborough,xxxxxxx244,xxxxxxx818,749470463286
719,user719,21892.23,2025-03-19,Williamsfurt,xxxxxxx151,xxxxxxx834,497947903870
720,user720,54131.35,2023-04-20,East Johnview,xxxxxxx380,xxxxxxx480,245977307394
721,user721,92367.85,2022-12-11,Taylorhaven,xxxxxxx186,xxxxxxx988,716778510923
722,user722,25754.65,2021-12-13,North Paul,xxxxxxx287,xxxxxxx449,243319134423
723,user723,47331.99,2025-05-17,South Tommy,xxxxxxx718,xxxxxxx622,251500722582
724,user724,14261.82,2024-07-16,Williamsburgh,xxxxxxx874,xxxxxxx484,680615288254
725,user725,57156.52,2021-10-24,Brittanyshire,xxxxxxx781,xxxxxxx915,453291398637
726,user726,37648.91,2021-02-19,Murphyville,xxxxxxx224,xxxxxxx425,241853518582
727,user727,57229.88,2022-05-24,New Jeanmouth,xxxxxxx872,xxxxxxx648,783822329099
728,user728,54484.91,2022-04-14,Josephton,xxxxxxx160,xxxxxxx960,373573921375
729,user729,73318.26,2023-04-27,West Davidtown,xxxxxxx219,xxxxxxx227,637414367313
730,user730,21137.15,2024-08-28,Williamschester,xxxxxxx789,xxxxxxx171,569568873093
731,user731,23537.65,2024-12-02,Sergioberg,xxxxxxx548,xxxxxxx760,538127241918
732,user732,35719.85,2024-08-22,Harrisport,xxxxxxx838,xxxxxxx183,818360223160
733,user733,67236.54,2023-10-12,Suttonborough,xxxxxxx217,xxxxxxx999,983939645211
734,user734,10516.65,2022-02-28,Maryside,xxxxxxx563,xxxxxxx328,171593624364
735,user735,6819.9,2023-06-23,Edwardsview,xxxxxxx738,xxxxxxx533,625682772932
736,user736,49995.54,2022-03-20,Lisaton,xxxxxxx121,xxxxxxx944,158975966721
737,user737,81016.68,2024-03-09,Port Brian,xxxxxxx644,xxxxxxx755,982042568030
738,user738,30459.91,2022-12-08,Maldonadohaven,xxxxxxx833,xxxxxxx363,686529447565
739,user739,61611.51,2024-07-08,West James,xxxxxxx397,xxxxxxx586,406147944056
740,user740,53885.73,2020-10-21,Sarahland,xxxxxxx839,xxxxxxx631,169886973446
741,user741,17411.7,2021-03-29,Derekland,xxxxxxx995,xxxxxxx607,848259819721
742,user742,88233.66,2024-09-19,Lake Katie,xxxxxxx337,xxxxxxx263,365361807518
743,user743,72219.32,2020-07-13,Kelleyfurt,xxxxxxx321,xxxxxxx169,866548904033
744,user744,49276.49,2021-10-28,Riosland,xxxxxxx141,xxxxxxx247,637546112336
745,user745,18822.28,2023-10-01,Harrisborough,xxxxxxx413,xxxxxxx113,179230845988
746,user746,99857.9,2021-10-15,West Christopher,xxxxxxx298,xxxxxxx658,517084386923
747,user747,4649.84,2021-04-16,North Emily,xxxxxxx867,xxxxxxx182,106990948364
748,user748,79743.2,2022-04-12,North Adrianville,xxxxxxx519,xxxxxxx605,653323086783
749,user749,43863.71,2024-07-04,Lake Kariborough,xxxxxxx545,xxxxxxx753,619665372885
750,user750,60170.07,2020-09-25,Shelbyton,xxxxxxx167,xxxxxxx884,738407764331
751,user751,60198.55,2021-08-06,Lake Melissa,xxxxxxx791,xxxxxxx213,597360851024
752,user752,3791.99,2020-12-05,Meganville,xxxxxxx576,xxxxxxx328,745704556454
753,user753,66318.77,2025-05-17,Kellychester,xxxxxxx145,xxxxxxx474,361946551669
754,user754,38553.14,2023-08-25,Evanberg,xxxxxxx977,xxxxxxx631,318276971774
755,user755,36459.08,2022-07-14,Davidsonchester,xxxxxxx404,xxxxxxx884,333955159477
756,user756,94714.54,2025-01-24,South Courtneyshire,xxxxxxx296,xxxxxxx276,126289572820
757,user757,25691.96,2023-03-06,Kyleview,xxxxxxx605,xxxxxxx331,357204767224
758,user758,17566.43,2020-07-28,East Victoria,xxxxxxx567,xxxxxxx118,595210522467
759,user759,32859.18,2025-03-24,North Brad,xxxxxxx560,xxxxxxx842,863693624914
760,user760,34592.24,2023-10-08,South Douglasland,xxxxxxx484,xxxxxxx388,712789036053
761,user761,81865.14,2021-06-05,Samanthamouth,xxxxxxx989,xxxxxxx671,382177150582
762,user762,76018.72,2023-09-05,Kristymouth,xxxxxxx784,xxxxxxx101,928851067617
763,user763,53832.43,2021-03-17,Lake Hannah,xxxxxxx902,xxxxxxx188,294972801809
764,user764,84833.47,2023-10-04,East Kellyville,xxxxxxx135,xxxxxxx832,965250877411
765,user765,53177.98,2022-02-08,Marymouth,xxxxxxx159,xxxxxxx515,233909796827
766,user766,43620.5,2021-04-22,East Rebecca,xxxxxxx267,xxxxxxx389,842240235241
767,user767,19210.39,2024-08-06,Mannbury,xxxxxxx966,xxxxxxx789,877897549267
768,user768,80912.33,2021-05-08,South Mary,xxxxxxx292,xxxxxxx692,953926471578
769,user769,4692.06,2024-03-01,Maryborough,xxxxxxx692,xxxxxxx332,777208035589
770,user770,1178.92,2020-08-31,Lake Daniel,xxxxxxx721,xxxxxxx125,455794221603
771,user771,27727.69,2023-02-20,East Pamelahaven,xxxxxxx579,xxxxxxx365,796756625245
772,user772,32083.14,2022-03-09,South Jonathanchester,xxxxxxx330,xxxxxxx987,538951364944
773,user773,17851.8,2021-04-10,Veronicatown,xxxxxxx574,xxxxxxx968,671410414192
774,user774,47759.68,2024-07-13,Flowershaven,xxxxxxx909,xxxxxxx580,306428819632
775,user775,87634.48,2022-05-20,Pattonborough,xxxxxxx420,xxxxxxx570,844855978121
776,user776,76023.71,2021-10-04,Gracemouth,xxxxxxx786,xxxxxxx610,386615333883
777,user777,47760.3,2021-12-22,West Danielle,xxxxxxx346,xxxxxxx127,792883751499
778,user778,86381.95,2024-03-06,New Ryan,xxxxxxx766,xxxxxxx568,619278732819
779,user779,76941.62,2024-11-24,Rogerside,xxxxxxx463,xxxxxxx575,524094657223
780,user780,10379.47,2023-06-02,New Amandaton,xxxxxxx982,xxxxxxx895,792104867342
781,user781,37267.65,2021-01-10,Stephenmouth,xxxxxxx606,xxxxxxx755,249685835921
782,user782,99872.64,2025-03-23,West Jacob,xxxxxxx679,xxxxxxx904,237606255937
783,user783,5875.64,2021-07-24,South Ashley,xxxxxxx686,xxxxxxx252,271848950996
784,user784,51320.87,2020-12-18,Keithburgh,xxxxxxx294,xxxxxxx658,518042325544
785,user785,13792.48,2021-09-19,Carterhaven,xxxxxxx717,xxxxxxx875,262923348746
786,user786,88506.27,2024-12-07,Ericport,xxxxxxx666,xxxxxxx425,847554713219
787,user787,79632.67,2022-08-20,Davidton,xxxxxxx551,xxxxxxx832,535925751094
788,user788,92676.35,2022-11-13,Port William,xxxxxxx822,xxxxxxx450,365831968027
789,user789,92318.33,2021-01-06,Sloanborough,xxxxxxx464,xxxxxxx489,208197254300
790,user790,66482.13,2022-03-11,Martinezmouth,xxxxxxx989,xxxxxxx716,216833418103
791,user791,29899.71,2023-05-20,South Michelle,xxxxxxx362,xxxxxxx530,408606093632
792,user792,48929.38,2022-08-03,Vaughnhaven,xxxxxxx518,xxxxxxx671,956834101734
793,user793,66226.6,2024-12-01,Port Michael,xxxxxxx390,xxxxxxx184,812118562444
794,user794,69990.21,2020-07-06,Lake Dawnborough,xxxxxxx659,xxxxxxx516,711259826915
795,user795,39325.74,2021-06-18,Robertsville,xxxxxxx975,xxxxxxx716,496588387370
796,user796,88466.91,2024-07-27,Robertburgh,xxxxxxx679,xxxxxxx773,558640667580
797,user797,13456.42,2024-02-15,Sierraborough,xxxxxxx135,xxxxxxx997,347375479470
798,user798,24368.36,2022-11-27,Johnmouth,xxxxxxx881,xxxxxxx480,566476671032
799,user799,41543.31,2025-02-17,South Jamesmouth,xxxxxxx171,xxxxxxx705,593175543919
800,user800,30684.08,2020-10-05,South David,xxxxxxx639,xxxxxxx392,630082091417
801,user801,34348.25,2023-12-07,Richardborough,xxxxxxx274,xxxxxxx448,784011925290
802,user802,70399.87,2022-06-05,Johnfurt,xxxxxxx305,xxxxxxx850,771738405115
803,user803,74327.76,2023-03-07,East Emily,xxxxxxx470,xxxxxxx737,417674893360
804,user804,94738.23,2023-01-02,East Kathrynview,xxxxxxx390,xxxxxxx925,215727750690
805,user805,34802.92,2023-12-27,Youngchester,xxxxxxx877,xxxxxxx985,837318579057
806,user806,45985.58,2022-03-03,East Andreafurt,xxxxxxx691,xxxxxxx459,572197541523
807,user807,10185.79,2020-06-20,New Shane,xxxxxxx581,xxxxxxx173,228363323643
808,user808,19062.5,2022-05-16,Davisberg,xxxxxxx289,xxxxxxx404,788623526063
809,user809,18168.2,2024-03-08,Garciafurt,xxxxxxx931,xxxxxxx370,842341932669
810,user810,96393.59,2020-10-11,Tylerland,xxxxxxx914,xxxxxxx577,179739740788
811,user811,53522.55,2022-05-08,Staffordfort,xxxxxxx419,xxxxxxx445,887250142911
812,user812,78391.1,2024-06-08,Olsenside,xxxxxxx686,xxxxxxx656,444319042746
813,user813,56063.29,2022-10-13,Port Brittanyview,xxxxxxx273,xxxxxxx174,438763257209
814,user814,17239.94,2021-04-11,West Melissaland,xxxxxxx213,xxxxxxx604,495713852835
815,user815,70222.44,2021-08-27,Lake Kelly,xxxxxxx850,xxxxxxx492,191961343397
816,user816,33469.52,2022-10-11,New Natalietown,xxxxxxx406,xxxxxxx193,740754005178
817,user817,93298.99,2024-05-19,Laurenside,xxxxxxx732,xxxxxxx841,823142177737
818,user818,73015.24,2024-01-09,North Regina,xxxxxxx743,xxxxxxx273,822842042468
819,user819,57866.05,2022-07-09,Gomezview,xxxxxxx702,xxxxxxx832,600636389613
820,user820,46970.86,2023-02-14,South Stanleyville,xxxxxxx240,xxxxxxx688,239845472157
821,user821,48435.46,2024-04-24,Leonardtown,xxxxxxx936,xxxxxxx854,768842750298
822,user822,88721.05,2023-11-03,New Robert,xxxxxxx956,xxxxxxx293,688904237111
823,user823,71276.14,2020-09-03,Kevinview,xxxxxxx503,xxxxxxx953,882066806452
824,user824,41146.9,2024-01-28,South Roberta,xxxxxxx776,xxxxxxx138,872927879118
825,user825,4194.96,2022-12-14,North Anne,xxxxxxx904,xxxxxxx244,456245606660
826,user826,19348.84,2025-06-02,South Eugene,xxxxxxx868,xxxxxxx106,596468541049
827,user827,48448.93,2025-01-21,Riosmouth,xxxxxxx702,xxxxxxx413,598263382080
828,user828,10504.84,2022-01-18,Williamsview,xxxxxxx476,xxxxxxx795,359402129791
829,user829,54189.68,2025-02-25,North Brenda,xxxxxxx764,xxxxxxx699,705102735306
830,user830,53825.45,2023-11-03,Wallacefurt,xxxxxxx898,xxxxxxx403,935589631757
831,user831,32435.83,2023-08-31,South Alexanderside,xxxxxxx122,xxxxxxx135,412459590804
832,user832,80317.37,2022-12-27,South Billberg,xxxxxxx810,xxxxxxx161,363398472185
833,user833,38278.42,2021-07-21,East Christina,xxxxxxx408,xxxxxxx147,976197097180
834,user834,25340.8,2020-07-18,Teresaport,xxxxxxx749,xxxxxxx803,871012367524
835,user835,45859.15,2021-09-21,Robertsonmouth,xxxxxxx790,xxxxxxx942,794692677354
836,user836,40990.13,2024-03-11,New Jordan,xxxxxxx809,xxxxxxx917,263462328426
837,user837,70525.45,2020-07-15,North Tiffany,xxxxxxx637,xxxxxxx823,707069778124
838,user838,45343.35,2020-11-29,West Andreastad,xxxxxxx107,xxxxxxx917,483135522566
839,user839,34310.4,2022-06-21,Greenhaven,xxxxxxx401,xxxxxxx312,128597010073
840,user840,15013.65,2024-11-30,Katherineland,xxxxxxx380,xxxxxxx217,455198157360
841,user841,2147.35,2021-02-20,Lake John,xxxxxxx926,xxxxxxx434,264975059891
842,user842,26552.21,2021-04-18,Kristenburgh,xxxxxxx569,xxxxxxx314,958749481180
843,user843,56871.7,2021-09-16,East Mandybury,xxxxxxx241,xxxxxxx325,536757720632
844,user844,98459.73,2024-01-11,Wallberg,xxxxxxx133,xxxxxxx343,962276901821
845,user845,83867.14,2024-01-31,Luisburgh,xxxxxxx247,xxxxxxx216,422683456339
846,user846,9961.5,2023-08-26,Port Joshua,xxxxxxx123,xxxxxxx490,665848082643
847,user847,73002.13,2023-06-24,West Jamiechester,xxxxxxx649,xxxxxxx258,442334437033
848,user848,5367.41,2025-05-18,Valerieport,xxxxxxx507,xxxxxxx447,384990126863
849,user849,72534.92,2020-10-17,Port Chris,xxxxxxx400,xxxxxxx649,770182315821
850,user850,80678.82,2023-05-16,New Savannahton,xxxxxxx563,xxxxxxx793,861218675167
851,user851,15167.44,2024-03-30,Williambury,xxxxxxx909,xxxxxxx862,735234889544
852,user852,9165.08,2024-01-17,West Tammy,xxxxxxx308,xxxxxxx540,989909375526
853,user853,32851.01,2022-10-18,Fieldsside,xxxxxxx665,xxxxxxx772,666216316967
854,user854,10352.21,2024-10-12,Carlsonville,xxxxxxx406,xxxxxxx490,423487533385
855,user855,39486.19,2020-09-28,Jamesfurt,xxxxxxx758,xxxxxxx615,492911879215
856,user856,76528.48,2021-11-30,Phillipsstad,xxxxxxx948,xxxxxxx253,164842679238
857,user857,57476.35,2025-05-13,Royport,xxxxxxx233,xxxxxxx782,331258512025
858,user858,39379.02,2025-01-25,Prestonfort,xxxxxxx302,xxxxxxx197,592718131876
859,user859,59885.17,2024-07-13,West Gary,xxxxxxx700,xxxxxxx422,531105101594
860,user860,69650.18,2022-05-30,Eriktown,xxxxxxx969,xxxxxxx979,188252384197
861,user861,94101.4,2020-08-18,New Elizabethmouth,xxxxxxx304,xxxxxxx131,211878739068
862,user862,56686.59,2023-12-24,Lake Wendy,xxxxxxx526,xxxxxxx851,422829518584
863,user863,16427.56,2021-06-04,South Michellefort,xxxxxxx792,xxxxxxx747,186441478919
864,user864,54591.66,2023-06-10,Crystalchester,xxxxxxx224,xxxxxxx163,897818308420
865,user865,53060.34,2024-03-22,Kyleton,xxxxxxx570,xxxxxxx720,543076136484
866,user866,66712.72,2021-05-20,Warrenville,xxxxxxx890,xxxxxxx885,249196335653
867,user867,49756.61,2021-07-24,South Scott,xxxxxxx802,xxxxxxx783,198675997490
868,user868,62876.32,2024-10-30,South Benjaminberg,xxxxxxx690,xxxxxxx792,207779258409
869,user869,97448.28,2021-01-10,Bishopside,xxxxxxx536,xxxxxxx195,502152875520
870,user870,26055.29,2025-01-19,West Michael,xxxxxxx776,xxxxxxx478,584084545977
871,user871,43274.46,2020-09-13,Mooretown,xxxxxxx285,xxxxxxx703,506049237054
872,user872,84691.93,2020-10-01,North Jonathan,xxxxxxx851,xxxxxxx753,688935542328
873,user873,29445.82,2022-10-13,Jonesview,xxxxxxx531,xxxxxxx415,833641174988
874,user874,9115.57,2022-07-05,Christophertown,xxxxxxx647,xxxxxxx994,369888281454
875,user875,47910.46,2022-01-14,Port Theresachester,xxxxxxx210,xxxxxxx552,865094871674
876,user876,88813.12,2024-03-01,Lake Derrickborough,xxxxxxx832,xxxxxxx476,685353680730
877,user877,3302.48,2023-01-07,West Rebeccaville,xxxxxxx263,xxxxxxx193,462152497904
878,user878,31128.34,2024-02-14,Thompsonbury,xxxxxxx501,xxxxxxx695,905508018512
879,user879,51719.85,2024-06-27,North Alexshire,xxxxxxx635,xxxxxxx802,560606045960
880,user880,89995.25,2025-02-13,Jamesshire,xxxxxxx987,xxxxxxx838,479746676332
881,user881,17054.26,2023-06-23,New Jessica,xxxxxxx160,xxxxxxx637,291619511020
882,user882,13992.73,2020-09-28,Chandlerhaven,xxxxxxx697,xxxxxxx123,837427575501
883,user883,91096.15,2020-08-07,Joelborough,xxxxxxx824,xxxxxxx117,851315940611
884,user884,74719.45,2020-11-08,North Cheryl,xxxxxxx228,xxxxxxx539,107031062509
885,user885,89943.28,2021-08-18,East Emilyberg,xxxxxxx997,xxxxxxx319,837931279155
886,user886,67275.09,2025-05-14,Port Angelaborough,xxxxxxx235,xxxxxxx917,142241788461
887,user887,50866.79,2024-04-30,Allentown,xxxxxxx113,xxxxxxx246,758369239581
888,user888,76518.22,2023-04-10,Lake Ashley,xxxxxxx285,xxxxxxx963,793266326445
889,user889,25219.35,2024-06-06,North Chloeview,xxxxxxx121,xxxxxxx509,184451347515
890,user890,58903.6,2024-11-06,Nixonside,xxxxxxx601,xxxxxxx869,804419206878
891,user891,91289.7,2024-06-17,Lake Robertton,xxxxxxx849,xxxxxxx925,125333036773
892,user892,66108.93,2024-04-17,West Jessica,xxxxxxx402,xxxxxxx533,236507375784
893,user893,24856.2,2023-07-13,Sheenamouth,xxxxxxx282,xxxxxxx386,677549148982
894,user894,79714.94,2020-08-19,Arianaside,xxxxxxx104,xxxxxxx415,161618661826
895,user895,43919.87,2023-06-19,Ronaldport,xxxxxxx622,xxxxxxx457,652392417435
896,user896,91624.08,2021-12-11,Port Alexanderville,xxxxxxx850,xxxxxxx595,178395246591
897,user897,39911.1,2021-02-21,Haleburgh,xxxxxxx519,xxxxxxx748,457926152356
898,user898,62661.39,2024-06-22,North Ashleytown,xxxxxxx628,xxxxxxx769,274493212865
899,user899,40697.71,2021-06-15,Scottfort,xxxxxxx674,xxxxxxx124,420102983239
900,user900,49330.57,2021-08-04,Lake Phillipborough,xxxxxxx499,xxxxxxx540,579103145154
901,user901,94488.72,2022-07-13,Bethhaven,xxxxxxx304,xxxxxxx191,665649669113
902,user902,12586.19,2022-08-29,New Johnburgh,xxxxxxx279,xxxxxxx502,769934583792
903,user903,36048.95,2021-08-07,Kathleenborough,xxxxxxx814,xxxxxxx995,484547055493
904,user904,7712.25,2024-10-04,Port Colleenport,xxxxxxx272,xxxxxxx623,418051213240
905,user905,39648.46,2021-04-28,Lake Jennifer,xxxxxxx606,xxxxxxx595,881567543525
906,user906,40666.32,2023-03-03,Haleyburgh,xxxxxxx824,xxxxxxx208,983490228503
907,user907,37025.46,2023-05-20,New Debraside,xxxxxxx928,xxxxxxx502,156491471415
908,user908,99463.27,2020-08-28,Spencerbury,xxxxxxx498,xxxxxxx124,734007685725
909,user909,81986.49,2021-07-06,Bradleyburgh,xxxxxxx868,xxxxxxx961,266256457452
910,user910,28589.4,2025-01-30,North Amanda,xxxxxxx466,xxxxxxx122,825429473099
911,user911,8246.56,2023-05-06,Johnview,xxxxxxx954,xxxxxxx301,188031268846
912,user912,80198.37,2024-02-18,Perryhaven,xxxxxxx835,xxxxxxx282,658898098894
913,user913,78866.2,2020-06-28,Deniseton,xxxxxxx143,xxxxxxx964,929224896285
914,user914,20326.49,2021-02-02,Michaelport,xxxxxxx864,xxxxxxx163,729175253573
915,user915,49040.6,2024-02-11,New Elizabethland,xxxxxxx145,xxxxxxx902,101479654516
916,user916,46507.88,2023-12-04,Port Katelyn,xxxxxxx217,xxxxxxx340,804056492891
917,user917,41751.08,2023-07-12,Taylorshire,xxxxxxx429,xxxxxxx145,724968029945
918,user918,21511.61,2024-07-26,Michellemouth,xxxxxxx997,xxxxxxx744,482927369716
919,user919,59710.81,2024-12-09,West Christina,xxxxxxx139,xxxxxxx223,355997774933
920,user920,19957.87,2022-04-03,Williamsfurt,xxxxxxx115,xxxxxxx938,213045224734
921,user921,35501.21,2023-07-12,Samanthatown,xxxxxxx786,xxxxxxx212,243861496278
922,user922,96988.08,2023-03-29,Rebeccaville,xxxxxxx473,xxxxxxx861,680154454321
923,user923,6187.36,2022-10-05,West Jack,xxxxxxx974,xxxxxxx392,131888554882
924,user924,86218.18,2021-07-04,Fullermouth,xxxxxxx412,xxxxxxx511,535806242564
925,user925,99870.02,2024-01-31,New Anthonymouth,xxxxxxx993,xxxxxxx758,969958562619
926,user926,85244.44,2024-12-19,South Holly,xxxxxxx643,xxxxxxx210,380102200377
927,user927,33116.14,2022-09-16,Blakeshire,xxxxxxx330,xxxxxxx187,965109894363
928,user928,89100.48,2021-02-18,Kimport,xxxxxxx583,xxxxxxx878,399062852676
929,user929,67631.9,2020-08-15,Ashleymouth,xxxxxxx743,xxxxxxx550,916817659783
930,user930,64343.67,2022-03-31,Drakeburgh,xxxxxxx878,xxxxxxx851,584291674041
931,user931,78399.9,2023-06-18,South Damonfort,xxxxxxx584,xxxxxxx440,621876090157
932,user932,91404.03,2020-09-27,Port Michaelview,xxxxxxx937,xxxxxxx794,574236473022
933,user933,30465.08,2021-03-30,Millerland,xxxxxxx321,xxxxxxx764,807424335986
934,user934,1736.56,2021-08-07,New Jeffrey,xxxxxxx329,xxxxxxx781,487216547499
935,user935,61356.26,2023-08-04,West Alex,xxxxxxx875,xxxxxxx248,211320838407
936,user936,13414.21,2024-10-19,Wilsonstad,xxxxxxx372,xxxxxxx133,831713088758
937,user937,71197.17,2025-01-30,North Christopherfurt,xxxxxxx706,xxxxxxx332,526125159865
938,user938,16235.3,2023-06-11,South Suzannebury,xxxxxxx654,xxxxxxx751,637079389873
939,user939,8713.29,2020-09-08,Moralesmouth,xxxxxxx681,xxxxxxx994,561680908286
940,user940,43372.63,2021-11-22,Davisside,xxxxxxx573,xxxxxxx839,402808115550
941,user941,84963.4,2022-06-28,Masseyborough,xxxxxxx468,xxxxxxx397,623898602990
942,user942,44022.5,2023-11-25,Nelsonfurt,xxxxxxx263,xxxxxxx426,673380535508
943,user943,61689.62,2020-07-16,Jenkinsside,xxxxxxx507,xxxxxxx561,693543636559
944,user944,51052.27,2025-02-25,Lake Rebeccaburgh,xxxxxxx405,xxxxxxx830,408048247903
945,user945,40006.34,2024-07-24,West Russell,xxxxxxx540,xxxxxxx641,753932007899
946,user946,53070.49,2024-02-25,Scottfurt,xxxxxxx398,xxxxxxx847,218019674833
947,user947,68034.56,2021-04-14,North Michelle,xxxxxxx276,xxxxxxx575,919750210391
948,user948,73646.04,2023-03-19,East Dakota,xxxxxxx928,xxxxxxx345,223504816319
949,user949,25080.41,2023-01-28,Mariaburgh,xxxxxxx481,xxxxxxx166,529439136579
950,user950,39583.22,2023-11-26,Kennethberg,xxxxxxx458,xxxxxxx724,780749387357
951,user951,14875.34,2024-10-23,Zhangshire,xxxxxxx922,xxxxxxx620,872168486854
952,user952,41546.18,2021-05-06,Campbellburgh,xxxxxxx963,xxxxxxx439,421068457843
953,user953,88282.5,2023-02-21,Cathymouth,xxxxxxx204,xxxxxxx416,684088589943
954,user954,55030.46,2024-11-23,North Andrea,xxxxxxx444,xxxxxxx292,784211141560
955,user955,23245.32,2021-08-27,Leestad,xxxxxxx634,xxxxxxx532,330671338955
956,user956,87897.34,2023-03-07,South Kathleen,xxxxxxx727,xxxxxxx677,275240989933
957,user957,79278.03,2024-12-04,Coltonport,xxxxxxx803,xxxxxxx843,449904895063
958,user958,96630.19,2023-04-29,Chanshire,xxxxxxx976,xxxxxxx631,152257014986
959,user959,71489.96,2020-08-24,New Rachelshire,xxxxxxx372,xxxxxxx756,184837015824
960,user960,19100.34,2023-08-14,Johntown,xxxxxxx344,xxxxxxx726,278295307620
961,user961,42861.22,2024-06-13,New Daniel,xxxxxxx276,xxxxxxx756,450079900258
962,user962,71860.08,2023-07-05,Port Monicaburgh,xxxxxxx662,xxxxxxx761,887279603346
963,user963,86062.51,2021-10-05,Amandamouth,xxxxxxx718,xxxxxxx829,147162733851
964,user964,39858.73,2023-11-11,Brandymouth,xxxxxxx668,xxxxxxx184,463624997317
965,user965,93639.86,2022-01-03,North Cody,xxxxxxx644,xxxxxxx805,786318840789
966,user966,78033.36,2020-07-21,Derrickchester,xxxxxxx196,xxxxxxx137,288412915960
967,user967,39896.12,2021-01-27,South Jennifer,xxxxxxx459,xxxxxxx635,556579846854
968,user968,19577.38,2025-05-31,Robinland,xxxxxxx544,xxxxxxx784,643446944125
969,user969,36437.24,2022-02-02,Lisaburgh,xxxxxxx947,xxxxxxx475,364668668816
970,user970,68650.16,2023-05-02,North Christopher,xxxxxxx885,xxxxxxx834,301027664768
971,user971,74032.77,2023-09-14,Lake Andre,xxxxxxx509,xxxxxxx428,294804899856
972,user972,78929.42,2023-09-26,Lake Daniel,xxxxxxx479,xxxxxxx755,937176859688
973,user973,64431.08,2024-12-05,North Sarah,xxxxxxx533,xxxxxxx689,738752134152
974,user974,56965.08,2022-02-05,Charlesborough,xxxxxxx689,xxxxxxx411,668372323795
975,user975,89323.55,2023-03-27,South Natasha,xxxxxxx533,xxxxxxx998,546665097630
976,user976,96840.09,2021-06-14,Jenkinsville,xxxxxxx439,xxxxxxx534,810542710956
977,user977,33570.26,2020-09-15,North Andrea,xxxxxxx907,xxxxxxx398,477658836713
978,user978,20684.41,2024-10-23,West Kristenbury,xxxxxxx650,xxxxxxx628,782808052165
979,user979,71274.97,2023-07-29,Leemouth,xxxxxxx185,xxxxxxx256,581636977529
980,user980,45822.36,2022-09-08,Port Travis,xxxxxxx730,xxxxxxx699,202698510363
981,user981,20669.07,2022-08-10,Morrisbury,xxxxxxx311,xxxxxxx579,455980828859
982,user982,29940.09,2021-12-01,Susanborough,xxxxxxx687,xxxxxxx653,119559947408
983,user983,75154.71,2021-12-21,North Alan,xxxxxxx189,xxxxxxx349,126958097912
984,user984,49068.28,2024-07-01,West Crystal,xxxxxxx701,xxxxxxx214,437288689001
985,user985,48433.33,2025-02-06,Lawrencefort,xxxxxxx702,xxxxxxx202,806338946450
986,user986,53700.5,2021-09-23,Garrettville,xxxxxxx419,xxxxxxx301,201476902499
987,user987,17289.86,2022-04-15,Waltersshire,xxxxxxx156,xxxxxxx570,247640327199
988,user988,61011.44,2022-12-22,South James,xxxxxxx564,xxxxxxx219,282691046678
989,user989,36866.27,2022-08-23,Sarahland,xxxxxxx746,xxxxxxx425,666944892971
990,user990,79023.53,2023-11-07,Port Melissa,xxxxxxx917,xxxxxxx548,479917966152
991,user991,48943.47,2024-08-21,South Denise,xxxxxxx538,xxxxxxx486,913466980568
992,user992,21908.68,2022-02-11,Coxmouth,xxxxxxx244,xxxxxxx754,847933182099
993,user993,54110.04,2022-06-10,Lake Monique,xxxxxxx630,xxxxxxx196,988735443257
994,user994,21351.74,2024-07-01,West Jennifer,xxxxxxx543,xxxxxxx677,859915570657
995,user995,58027.04,2024-07-21,Riggsburgh,xxxxxxx978,xxxxxxx525,266257100468
996,user996,29729.13,2024-11-11,Davisstad,xxxxxxx209,xxxxxxx328,442770485893
997,user997,38229.75,2020-09-23,Lake Jason,xxxxxxx104,xxxxxxx140,415416162445
998,user998,51082.41,2024-12-31,Lake Susanport,xxxxxxx726,xxxxxxx956,586787227897
999,user999,4001.97,2024-11-17,Paulchester,xxxxxxx730,xxxxxxx625,267294377850
1000,user1000,44492.58,2024-06-03,Lake Sarah,xxxxxxx443,xxxxxxx230,216408062046
